vin,price
5J8YD4H05LL032532,500
KNAE45LC8K6050784,500
5XYZGDABXCG149606,500
1G1ZE5ST6HF197903,500
KL4MMDSL6LB106699,500
1FMJK1JT8KEA01413,500
1FD8W3HT9LEC47909,500
2FMPK4J93GBB49987,500
3C63R3EL0LG264012,500
1GC4YNE76LF322205,500
5N1AT2MV9LC793052,500
1FTEW1E57LFC48715,500
4T1BF1FK6HU364073,500
WA1BNAFY3J2034396,500
JN1AZ4EH3LM822601,500
2HGFC2F85LH559958,500
1GTW7FCG7F1194269,500
5NPD84LF0KH423636,500
JTMD6RFVXLD006313,500
1ZVBP8AM8E5295019,500
WAUG8AFC1HN124613,500
2C3CDZAG8LH161671,500
1GYS4GKJ1LR252703,500
1FTFW1EG3HKE07623,500
2T2JGMDA8LC054405,500
1C4NJRFB5GD637260,500
2T2AZMDA5LC238064,500
SALSF2D45CA739985,500
1G1BE5SM6J7132706,500
2GNALPEK3D6268320,500
1GTG6CEN7H1256354,500
JTDEPMAE0MJ128824,500
5TDXZ3DC8HS823665,500
3GNAXHEV2LS715210,500
1FTEW1E58KFA74202,500
JF2SJAEC6JH587372,500
1GCRCPEC3FZ204659,500
3N1CP5BV9LL530248,500
1C6SRFJT5LN349440,500
1HGCV3F98LA008563,500
5YFBURHEXJP841333,500
LRBFX3SX4LD122034,500
KNMAT2MV0LP539291,500
3LN6L5E99LR603888,500
1GC1KXCGXBF101479,500
2HKRW1H28LH404799,500
WVWJK73C88E109527,500
WP1AA2AY3LDA10339,500
1FMCU9GD3JUC37330,500
5TDGZRBH4LS516195,500
JM1DKDC73J1324292,500
JTEZU14R460079669,500
1C4RJFAG1CC156277,500
5NPD84LF2KH447940,500
3GNCJPSB1LL217086,500
2T3H1RFV8LW100922,500
KNDJT2A59C7467334,500
MAJ6S3KL5LC389546,500
19XFC2F54HE057692,500
ML32A5HJ1LH005040,500
3CZRU5H78GM705981,500
1G1105S37JU148349,500
WDAPF1CD3GP202529,500
5FNYF8H25LB014987,500
JN8AT2MV1LW135927,500
5J6RW2H29LL006349,500
3FA6P0CD6LR218247,500
3FA6P0H71HR260464,500
LRBFX1SA7LD078885,500
JTMWFREV8HD103530,500
5N1AT2MV8LC797500,500
1FTEW1E49LFB75063,500
3KPC24A64LE126116,500
3N1AB7APXJY267272,500
1FMCU9JD6HUD02044,500
1G6DM5RK2L0146138,500
1FTEW1CP0LKE35998,500
5N1AT2MV4LC777812,500
KL4CJASB1JB637591,500
2C3CDXHG6KH512439,500
WA1BCCFSXJR006633,500
KL7CJNSB7LB064077,500
2G1WT58KX89176570,500
KL7CJKSB5LB038267,500
JM1GL1UM8L1522883,500
2T1BURHE3KC238290,500
19XFC1F73LE218425,500
4T1B11HK7KU766185,500
1C4BJWEG2GL181755,500
1G6AX5SX4E0165115,500
3C4NJCBB3MT505865,500
5TDDGRFH4KS067490,500
3HGGK5H48LM722669,500
JM3KFBCM5L0794717,500
1GT121C80BF210443,500
4S4BSAFC0H3403427,500
3GKALPEV5KL194348,500
2GKFLTEK9H6239924,500
WA1B4AFY5L2039430,500
WDDZF4JB7HA266320,500
3FA6P0HD2LR261038,500
3C4NJCBB8MT518157,500
1G1ZG5ST6LF153368,500
WAUANAF48HN064854,500
1GKKNULS2LZ231730,500
3GCUKREC1FG302470,500
2C3CCAGG3JH267597,500
SCFRMFAW3LGL09248,500
3KPA24AD1LE334136,500
JTEBU5JR3J5561722,500
ZN661XUS6HX222524,500
1G1PE5SB8E7365819,500
1FA6P8CF3K5152712,500
1NXBR32E16Z701670,500
1FMCU0G63LUB57011,500
JF2SJAWC1JH428046,500
JTEBU5JRXA5014351,500
1D8HB58D14F142735,500
JF2SKAUC2LH587595,500
3GNCJLSB5LL310685,500
1C4HJXDG1KW536391,500
3VV2B7AX6LM003754,500
3N1CN8EV0LL823779,500
JTJBM7FX6H5155402,500
7FARW2H59KE047828,500
5N1AT2MT6FC914123,500
KL7CJPSB8GB536739,500
1FTEW1E52LFB96569,500
5N1DL0MMXLC523921,500
1C6SRFHT4KN517654,500
JN8AT2MT8LW017131,500
3FA6P0HD1HR376950,500
2CNFLEEC6B6371378,500
5J8YD3H30JL008902,500
1FTEW1EG0GFA42711,500
SALTY19454A839636,500
1HGCV2F54LA024816,500
1GTU9FEL1LZ324474,500
JF2SH6CC4AH764464,500
1GKKNMLS2LZ194825,500
ZFBCFYDT0GP501036,500
2G1FC3DD7B9209737,500
1C4RJFAGXLC413856,500
KM8J23A42KU895936,500
5XYPGDA36LG679989,500
4T1B11HK9KU191538,500
1HGCR2F35HA130072,500
3VV3B7AX6JM019888,500
5NMS2CAD7LH178191,500
KMHD84LF1LU003547,500
3GCNWAEH2LG345507,500
3KPF24AD2LE194278,500
2HGFA16529H304781,500
WBAWC73528E064392,500
2T3DFREV7FW303208,500
3HGGK5H85LM725063,500
KL8CB6SA6LC457701,500
ZACNJABB6LPL57668,500
1V2NE2CA3LC211895,500
1V2YE2CA1LC223427,500
KL4CJESB8KB832869,500
1N4BL4BV7LC214184,500
1C4RJFBG7LC341397,500
SBM22GCA3LW000602,500
2T1BURHE2HC914723,500
5GAKVCED2BJ314173,500
3VWG57AU7LM011859,500
4T1BF1FK9HU433922,500
3GCPCREA1CG307365,500
1C4PJLCB5LD648974,500
5XXGT4L35KG337316,500
1FMHK7D88BGA49099,500
2T3DFREV2JW849858,500
3KPC24A3XKE049417,500
WBAJE5C33HG916082,500
YV4A22RKXK1328826,500
1GKKNPLSXLZ203854,500
KNAE15LA8J6016124,500
3HGGK5G40JM702222,500
3GKALSEX2LL295756,500
2G61M5S38H9162797,500
1N4AZ1CP1LC301636,500
1GYS4CKJ3LR301196,500
1C4RDHAG9LC325044,500
3GNAXKEV0LS509901,500
5TDYZ3DC3LS022462,500
1FTMF1C55KKD93241,500
3GKALVEV1LL302213,500
1GNSKTKL6MR113391,500
KL7CJLSB3LB089594,500
1FMCU0GD4HUC76952,500
KMHD84LFXLU013154,500
1FMCU0G60LUB38884,500
W1K3G4EB7LW043784,500
1FT7W2BN4LEE30414,500
MAJ3S2GE1LC318058,500
4S4BRBAC5A3322115,500
1FMSK8DH3LGB65291,500
1GKKNULS3JZ216487,500
JTMWFREV3GJ065401,500
JTDKARFUXL3118547,500
1GTG5CEN0M1121956,500
1GTG6EEN4M1120656,500
KL4MMDSL3LB128451,500
1GCGSBEN4M1112177,500
2HGFC2F61LH502445,500
1C6HJTAG9LL211320,500
1GYS4HKJ6LR305921,500
SADCK2FX5LA657046,500
3GTU9DED7LG400857,500
WMWZB3C53DWR35751,500
JTDS4MCE0MJ056306,500
3GCPCSEC9HG399891,500
1ZVBP8CF1D5200328,500
4S4BTAEC1L3252945,500
3GTU9DED2LG252794,500
JTMY1RFV1LJ022157,500
1HGCV1F44LA105980,500
1GTR2VE77CZ176967,500
1FMSK8DH8LGC72059,500
1C4RJFAG3LC398455,500
1GYS4KKJ4JR203608,500
KL7CJLSB8LB093124,500
1FMJK1HT5LEA61964,500
4JGDF6EE6FA614136,500
1FTEW1EG2HFC28834,500
4T1BF1FK6GU547858,500
JF1VA1J69G9801307,500
1FTEW1E54KKE09107,500
SALCJ2FXXLH857046,500
5TDGZRBH6LS044839,500
KMHD74LF7LU948585,500
5N1AT2MT2KC773691,500
5FNYF5H24MB001924,500
1FMJK1PT7LEA51387,500
MAJ3S2GE2LC329442,500
WDZPE7CC1E5864905,500
1G6DT5RK2L0151245,500
1FMCU0EG7CKB62719,500
3N1AB7AP0KY293378,500
1FMCU9G63LUA94531,500
KM8K3CA54LU507861,500
KMHL34JJ1LA011618,500
1FM5K7B87FGB94484,500
1GYS3BKJXLR180809,500
1V2PR2CA1MC517542,500
1C6SRFFT1LN359374,500
1FTER4EH7LLA50477,500
KNMAT2MT5LP525000,500
SALVP2RXXJH269812,500
2FMPK4G97HBC68828,500
WDDZH6JB0LA723158,500
3FA6P0H71GR305319,500
WA1JCCFS9JR001659,500
JTMBFREV7JJ745906,500
JNKBV61F58M272594,500
3GKALTEV9JL297280,500
4S4BTAEC7L3261813,500
19XFC2F68LE211855,500
3N1AB61E77L717832,500
1FADP3K24HL293835,500
5GAEVAKW8LJ107120,500
3VWCB7BU9LM072927,500
1FA6P8TH8H5205429,500
ZACCJBCT9FPB31569,500
WMWXU9C03M2N29405,500
1FTMF1C52KKD38391,500
3FA6P0HD0LR107136,500
5XYPK4A55LG702551,500
2GKALMEK2H6153841,500
1GYS4DEF6DR370284,500
1GCUYGED3LZ338765,500
1N4AL3AP4JC259489,500
2B3KA33V79H582090,500
1C4RJEBG0LC403880,500
JN8AT2MV2LW137766,500
KL7CJLSB4LB053655,500
1GKKNRLS8LZ164712,500
1C4RJFBG8LC385263,500
1N4AL3AP8DC902723,500
1C4RJFBG7HC873403,500
ZARFAMAN1L7626473,500
4S4BSANC0K3363214,500
3GKALXEXXLL325390,500
JNKCV64E68M120024,500
JTDS4MCE9MJ055039,500
1C4HJXFG8LW119803,500
1HGCR3F96EA028656,500
JTEBU5JR2F5255487,500
JA4AZ3A33LZ011248,500
1FMCU9H60LUB06309,500
19UUA8F57DA009876,500
WAUL2AF20KN051605,500
1C6RR6FG5HS786504,500
WDDUG8CB3FA199370,500
3GNCJPSB6HL207144,500
2HKRM3H77FH535286,500
W1KWF8DB1LR593764,500
1FA6P0HD6E5350536,500
1FMCU9F66LUB58370,500
1C6SRFFT3LN420451,500
1FM5K8HT3JGA81030,500
KL7CJPSB6MB306743,500
JF2SKAGC6LH601705,500
LRBFXCSA7HD040091,500
KMHCT4AE7DU306757,500
ML32F3FJ7LHF10642,500
1C4RJFCT9LC277391,500
1GNERFKW3LJ266408,500
7FART6H89LE017708,500
3N6CM0KNXLK701567,500
1FMSK8DH2LGB49650,500
1FM5K8GC4LGC71424,500
JTMR6RFV9LD004039,500
3VW2B7AJ9HM337288,500
1FTEW1EG6LFB45464,500
1FTEW1E50LKE57088,500
3GKALTEV9LL297296,500
KMHRC8A37LU045273,500
1GKS2DKL0MR151251,500
1FMCU9DG5CKB54768,500
KL4MMDS27LB087121,500
ZFBHRFBB7L6P33001,500
KNDJP3A59K7021581,500
1C4HJXDN4MW514564,500
YV4102PK8L1612157,500
ML32F4FJ3LHF07016,500
1C6HJTFG2LL183112,500
JN8AT2MVXLW133707,500
1FTEW1E44LKE71664,500
4S3BWAN66L3017155,500
1C4PJMLN8LD655952,500
2C4RDGCG8KR543456,500
KL4MMESL7LB095525,500
1FMCU0GD3HUD92336,500
3GKALTEV9JL347790,500
1FMCU0GX9DUB94249,500
1C4RJFAG0LC384612,500
5NMS23AD4LH141485,500
4T1G11AK3LU997912,500
1C6RREJT7LN306565,500
2HKRW2H86LH667271,500
1C4RJEBG3LC428434,500
3C7WRSBJ5KG671246,500
1FADP3K25JL252166,500
1FMCU0G68LUB99514,500
3VWGB7BU9LM072346,500
2T3F1RFV3LC129544,500
LRBFXCSA0KD105726,500
1HGCS1B87CA018883,500
1HGCR2F31EA165042,500
1C4BJWEG9GL161342,500
WAUHGAFC5EN106327,500
5J6RW2H83KL004535,500
WAUAFAFL5FN018643,500
1FMCU9H67LUB62537,500
1N4BZ1DP3LC306422,500
3N1AB7AP3KY302767,500
WAUGFAFC6FN003823,500
JN8AT2MV4LW144394,500
KNAFG526077119461,500
2GNAXSEV0J6338269,500
1C4RDHDG4JC114116,500
JN8AT2MV3LW118269,500
3C4NJDBB8JT115006,500
2GNAXHEV3L6261175,500
1G1ZE5ST6HF110470,500
1N6AD0ERXKN796050,500
JF2GTHSC8MH219700,500
1GNSKBKC0KR375950,500
3VW447AU7HM016301,500
5FNYF6H91HB019712,500
1N6AA1E52HN539548,500
1GCRYAEF3LZ277213,500
WDCTG4GB7KJ610086,500
5J6RM3H93FL026416,500
3C63RRGLXKG578653,500
KM8R5DHEXLU171668,500
5NPEF4JA1LH009848,500
WMWXR3C06M2M91862,500
19XFC2F65LE207343,500
1C6RR6LT8GS101525,500
1FMCU0H65LUA67065,500
1C3CCCFB0GN189250,500
1FAHP2F86KG115581,500
3CZRU6H95LM729706,500
1FMCU9DG7AKC79851,500
5NMS33AD1KH039394,500
2T3RFREV7HW686852,500
1C4RJFBG6GC478580,500
3GNAXHEV3LS677907,500
KNDCB3LC5L5393726,500
2T3RFREV0HW641865,500
JF1VA1C63L9819406,500
5NMS33AD9LH249467,500
1GKKNLLS4LZ233621,500
1C6SRFFT3LN409191,500
SJKCH5CP8JA053694,500
JN8AZ2NE8H9155255,500
1C6SRFHT3LN332187,500
2C3CCAGG5GH208740,500
1GKS1AE00ER127102,500
3PCAJ5M1XKF126338,500
2GNALBEK4H1598327,500
WVGBV7AXXGW593531,500
2GNFLFE32G6100519,500
WP1AB2AY2LDA28084,500
2GNAXJEV5J6352520,500
1N4AL3AP3HC223903,500
1HGCP2F33BA077451,500
1GYS4CKJ3LR124746,500
1FMCU9GD7JUB45718,500
1C6RREFT7KN745854,500
KM8J33A21GU222297,500
5XYZT3LB3EG145175,500
2G4WS52J011212776,500
3GTU9CED8LG346110,500
2HGFC2F83KH514080,500
3GCUYHED9LG427858,500
JM3KFBCM1L0840740,500
1FD7W2A68LEC50861,500
WDDZF8DB9LA718022,500
1C4RJFBG1HC885997,500
2C4RC1AG0KR667885,500
3GNAXHEV6LS657974,500
1GKKNMLS2HZ272074,500
1GCGTEEN7J1161674,500
KM8J3CAL2KU948817,500
1GNERGKW9LJ297362,500
1FTER4EH3LLA54266,500
1GNEVNKWXLJ186559,500
5NPDH4AE8BH054115,500
JTEZU5JR9F5095252,500
4JGDA7DB3DA143880,500
1FTFW1E48LKE27932,500
1GCJK33133F209898,500
WBAJS3C00LWW67189,500
JTHG5LFF1L5011012,500
KNDPMCAC7L7834596,500
JTMP1RFV6KD516121,500
1FMSK8DH4LGC81101,500
JM1BM1L79G1308106,500
1N4AL2AP3CN514151,500
1FTEW1CP1LFB80562,500
1FTER4EH7LLA08584,500
3FA6P0LU7KR100710,500
3FA6P0LUXLR267192,500
SALGS5FE0HA342149,500
2CNDL63F666126838,500
5J8YD4H38LL036360,500
4S4BTAEC9L3256516,500
WBA3N7C56FK225516,500
1FMCU9G61LUA90137,500
5TDDZRBH5LS019269,500
1G1ZD5STXKF161111,500
1N4BL4BV2LC266547,500
2FMPK4AP1JBB81780,500
5FNRL6H56LB065653,500
NM0LS7F28L1454985,500
5NMS53AAXLH252961,500
1FA6P8CF8G5229985,500
2FMPK4J99LBB09293,500
1G6DS5E31D0176835,500
1C6SRFHM1LN415075,500
ZARFAMBN8L7630941,500
KNDPM3AC3M7856600,500
1C4AJWAG4FL538899,500
2C3CDZAG0KH669602,500
1GC4K0E80GF224273,500
5J8YD3H80LL008932,500
1FMCU9H96LUA35188,500
4T1FA38P28U157362,500
4T4BF1FK6GR555433,500
KL79MSSL9MB024321,500
1FMSK7DH6LGB38709,500
JN8AT2MV3HW250116,500
1FTER4FH6KLA82205,500
ZARFAEEN9H7544191,500
JN1EV7ARXHM835110,500
WBA5U7C00LA234682,500
1FTEW1E54LKE78333,500
1C4PJMDX8KD463574,500
3C6UR5FLXJG216707,500
5N1DR2MM3HC662404,500
1FMCU0DZ2LUC07315,500
1FMCU9F61LUB85749,500
5N1DL0MN4LC500434,500
2C3CDXGJ5JH237142,500
3C6UR5FL7LG147011,500
5J6RE48388L049059,500
1GCRYDED5LZ201976,500
1HGCV1F33LA049439,500
2FMPK4K95KBB89012,500
4S3GKAV65L3612080,500
5FNYF6H07MB011903,500
1GYKNCRS3HZ197490,500
3VWEF71K07M138834,500
SAJWJ0EF8E8U31846,500
4T1BE46K57U508831,500
1C6RR6LTXDS698981,500
3GKALPEV4KL253065,500
5XYZT3LB9HG493048,500
KL8CB6SAXLC479653,500
5FNYF4H54BB042460,500
SALCR2BG8HH704929,500
5XYPG4A3XHG267534,500
1FTEW1E46KKC81881,500
1C6HJTFG0LL216592,500
1FADP3FE9JL307271,500
1FMJK1MT4LEA61475,500
W1N4N4HBXMJ162310,500
JM1GL1XY9L1524334,500
1FMSK8DH0LGC39721,500
2C3CDXCT8JH290036,500
3KPA24AD8LE336692,500
WDDZF4JB7HA257178,500
3KPF34AD1LE261675,500
KNDJH741095035808,500
JN1EV7EK9HM362040,500
1VWBV7A36FC046240,500
5NPD84LF9LH595858,500
1FTEW1E51KKD51151,500
5J8YD4H39LL036237,500
JN1BJ1CP2HW020346,500
WMWXJ1C07L2L90243,500
1C6RR6FT1FS635329,500
1FADP3FE3HL283057,500
5UXCY4C02L9D43435,500
1C6RRFJG5KN729037,500
4T1M11AK5LU373161,500
1C4RJFJG3LC436010,500
19XFC2F62LE212547,500
2GNFLHEKXF6133348,500
2C3CDZBT0HH613745,500
1C6RR7MT7ES359455,500
1GKKNXLS7LZ119409,500
1FMCU9G6XLUA90136,500
1FM5K8HC3LGA82648,500
5NPD84LF0LH619626,500
WBAJA7C32HG906876,500
1FMJU2ATXKEA50984,500
2G11Z5S3XK9134899,500
1GTW7AFG5L1254155,500
3KPF24AD5LE164787,500
5FNRL6H79JB024156,500
WUAWAAFC2HN904268,500
3GNDA13D88S598868,500
5FNRL6H55LB073162,500
2T3P1RFV1LC090618,500
2C3CCAAG6GH358378,500
5N1AZ2CJ6LN158579,500
KM8J3CAL5LU280626,500
4JGDA5HB5HA907488,500
JN1BJ1CR3HW136110,500
2HGFC1E51JH702872,500
1FTER4FH7LLA24492,500
W1KUG8JB7LA562722,500
1HGCV1F36LA115174,500
1G1BE5SM3K7122152,500
KM8J2CA46LU240129,500
5GADV33L86D116737,500
1FTEW1EP2LFC56030,500
5N1DR2AN3LC613659,500
5UXKR2C31H0X07151,500
5YFEPRAE4LP054587,500
1C3CCCBBXFN702850,500
1FMSK8DH6LGC88020,500
1HGCV1F34LA126173,500
2T3BFREVXFW378458,500
1FTEW1E49LFC72957,500
1N4AA6DV1LC379433,500
3C6UR4CL7KG517841,500
5FNYF6H53HB052255,500
3C3JY45X77T604950,500
1G1ZH5SX5GF267058,500
1FTER4FH2LLA63166,500
1FAHP60A72Y114422,500
W1N0G8EB6LF815401,500
3FA6P0HD7JR167752,500
1J4AA2D15BL528726,500
2C3CDXL9XJH113007,500
3N63M0ZN4GK692683,500
1FM5K7D87EGC10016,500
1C4PJLCB5LD634380,500
4S4BTAEC3L3265678,500
3C4NJDCB5LT234195,500
5GAERBKW5LJ201675,500
3C4NJDBB1MT506891,500
3KPC24A66LE126666,500
2GCEC13T361147340,500
4S3BWAC61L3013761,500
3GCPWBEK2LG202308,500
WA1VWBF72LD013408,500
3C4NJDBB0LT239516,500
5YFBURHE1JP745249,500
1FTEX1EP8LFC05659,500
5XYPG4A51LG693770,500
1C6HJTAG8LL126470,500
1GYKNBRS8HZ119880,500
1FA6P8TH7L5172870,500
1GCRYEED1LZ293948,500
1GNSKHKC9KR140689,500
JTNK4RBEXK3021073,500
W1K2J5JB9LA074234,500
KL4MMDSL9LB110018,500
3MZBPBCMXLM131367,500
1GNSKHKC2LR284618,500
1C6SRFFT0LN398473,500
3C63RRJL6KG602116,500
JM3KFBCL4H0105524,500
JTHCL5EF8H5029354,500
1G1FJ1R65K0155160,500
ZASPAKBN3L7C75185,500
KL7CJKSBXLB330710,500
55SWF4JB4JU256093,500
5FNYF5H58MB003220,500
KNDMC5C1XM6661211,500
3GCUKSEC6EG316029,500
JM3KFBBM4J0467563,500
KNDJN2A22J7574383,500
3VWG57BU1LM078987,500
KMHD84LF9LU099377,500
3GNAXJEV9LS600434,500
2LMPJ6K93LBL28767,500
1FMSK7DH2LGC89739,500
LRBFX3SX1LD019797,500
1G1PA5SG8E7195310,500
WDDHF8JB7GB244698,500
5N1DR2MN0KC627917,500
2HGFC2F51JH502840,500
3C4NJDBB0LT209917,500
3N1CN8DV3LL884206,500
1FT7W2B61KEC41033,500
JN1BJ0RR8HM402377,500
1FMJK1KT0KEA28104,500
1GNERHKW3LJ303887,500
WP1AA2A50JLB12223,500
1GTW7AFG6L1254391,500
3LN6L5MU0HR650899,500
1GTG6FEN9M1100246,500
3KPF24ADXLE202871,500
3VV0B7AX0LM163586,500
JH4KC1F5XLC000260,500
5N1DL0MN7LC538692,500
1FTEW1E51LFC52078,500
1C3CDFBB6GD624783,500
1C6SRFLTXLN378610,500
1V2LP2CA7MC519915,500
1C4NJRFB2HD195474,500
1FTEW1E44LKD11509,500
3FA6P0T97HR173435,500
5UXWX7C52BLT78598,500
KL8CC6SAXLC479004,500
1FMSK7FH2LGB47159,500
JM1BPBLM0L1165673,500
3C6UR5DL5LG104631,500
1FTEX1CB4LKD47540,500
1FM5K8AB1LGD08994,500
5NMS2CADXKH087656,500
ZN661YUS5LX346136,500
KL4MMDSL4LB115045,500
4T1G31AK4LU542030,500
1GYKNDRS4HZ214514,500
JF2SH6DC7AH795044,500
JM3KFBEY8L0853873,500
3LN6L5A99HR647886,500
2C4RDGBG4LR231816,500
2GKFLVE30G6212727,500
4T1BD1EB6FU038231,500
NM0LS7E21L1439276,500
1FTEW1C59LFA41942,500
5XXGN4A75FG426387,500
KL8CD6SA2LC479754,500
1GNERJKW8LJ289945,500
KNDEUCAA4M7120450,500
1FTEW1CP2LFB51068,500
ZACNJBAB4LPL47969,500
1FTFW1RG9JFE71223,500
1FTNE1EW6ADA63589,500
4S3GKAV69L3607206,500
2C3CDXFG0HH529507,500
JM3KFADM0J1388232,500
3GTP9CEK9LG398129,500
4S4BSANC1K3370446,500
5UXKR2C5XE0H33988,500
1GNERFKW8LJ276058,500
3GTU2UEC8FG444673,500
19XFC1F74LE209068,500
WBAVC73528KX90475,500
2C4RC1BG2KR597059,500
1FTER4EH9LLA44812,500
2C4RC1FG0LR264094,500
1FTFW1RGXLFC75195,500
1FT8W3BT7BEC44048,500
1GTG6DE33G1317430,500
1GNSKCE04BR240946,500
1N4AL3AP0HC472577,500
1G1ZB5ST6LF136553,500
1C4PJLLB0LD640491,500
3C6TRVDG2LE127794,500
1C4RJFAG8HC814880,500
1FTEW1E4XLFC83983,500
JM1DKDC72H0163157,500
1GAZG1FG5E1183872,500
2C3CDXGJ3LH202666,500
WDDWF4KB2HR282850,500
1FM5K8D84DGA28875,500
W1KZF8EB3LA827834,500
3C63R3CL8LG232721,500
3FA6P0PU6HR276781,500
2T3BFREV2FW335958,500
JTDEPRAEXLJ022019,500
1FMJK1MT3LEA37832,500
1N4BZ1CP1LC304976,500
5NMS23AD1LH272745,500
1G1BE5SM6K7145148,500
3D3HA18H85G820143,500
YV4BR0CL5M1672153,500
3PCAJ5M36LF113346,500
5J6RW2H52LA016517,500
4JGFB8GB0LA272830,500
4T1BF1FK6HU731585,500
1FM5K8GC4LGA32214,500
1FBZX2YM7KKB05314,500
KM8SC73D05U866624,500
SAJAD4FX9JCP26462,500
1FTEW1EP6LFC20728,500
5TDZARFH9KS043659,500
1C6RR7LG6JS147516,500
5FNRL6H90KB078173,500
3VWCB7BU1LM066412,500
NM0LS7E22L1472190,500
W1N4N4HB4MJ152551,500
19XFB2F53EE205264,500
1G1ZE5STXHF125733,500
2T1BURHE1EC020191,500
YV1960BW2A1153105,500
3N1AB7AP4HY348987,500
1FTYR10D53PA91554,500
W1N4M4GB3LW015994,500
JTNKARJEXJJ566243,500
2T3BFREV7HW571590,500
KNDMB5C19H6309696,500
1FTEW1E59LKD74100,500
5J6RW1H98LL009928,500
1GNEK13T35R259149,500
4S4BRBKC3D3301993,500
1FTER4FH1LLA35018,500
3VW6T7AU3LM014050,500
1G6AA5RA7G0181038,500
1FMCU0H65LUB12697,500
1N4BL4BV7LC229493,500
1GNSKBKC4HR319129,500
3GNKBJRS7LS693943,500
LRBFXBSA5HD179081,500
1FT7X2B63LEE14498,500
WMWXP5C33H2G60501,500
YV4162UMXM2407486,500
1FTFX1E49LKE53842,500
3FA6P0K9XER323325,500
W1N4N4HB1MJ114369,500
1J4GL58KX6W141344,500
1FA6P8TH1L5129464,500
1J4BA3H18BL529308,500
1GYKNBRS5HZ109064,500
5J6RM4H77GL032418,500
NMTKHMBXXLR113277,500
1G1ZE5ST1HF285306,500
LRBFX3SX7LD156548,500
2G1WT55N181264369,500
1FTEW1EG0JFE73640,500
1C4PJLDB5GW200422,500
3VWCB7BU4LM068512,500
KNAS24J63L6021226,500
1C4PJMBXXKD298517,500
3VWRZ71K39M170057,500
5XYPG4A58KG559532,500
2GNAXHEV3L6196974,500
MAJ3S2GE7LC331980,500
3GKALMEV0LL132047,500
1FM5K8GC7LGB71429,500
5FRYD3H30HB008828,500
4T1BF1FK4HU757263,500
1V2DR2CA1JC546814,500
YV1102EM9L2374847,500
JM1GL1VM2L1522389,500
1GNEVHKW5JJ107247,500
3C4PDCAB2LT243580,500
1GNEVJKW2LJ226190,500
1J4BA5H18BL520524,500
1C6SRFHT4LN383391,500
JTJDARBZ1L5012676,500
1C6RREFT2LN405951,500
5NMS33AD3LH236701,500
KM8K2CAA9MU604085,500
JM3KFBCL3H0160482,500
WAUHMAF44LA048426,500
3FA6P0T90LR165041,500
5TDYZRAH6LS027447,500
1FTFX1EF0DKD63059,500
KMHDH6AH6EU028639,500
3C6UR5SL8LG202135,500
5UXZV4C53D0E00844,500
JM3KFABM3L0859561,500
MAJ3S2GE3LC341745,500
4T1B11HK6KU234975,500
1GCHC29638E135467,500
KNMAT2MV4HP537373,500
KNDJP3A54H7501021,500
19XFC2F54HE070264,500
3VWDX7AJ2DM424955,500
3GTU9DED3LG434763,500
3LN6L5LU6LR620025,500
4T1B11HK6JU158351,500
5N1DL0MN1LC505963,500
1N4BL4BV4LC202929,500
WBA8E1G34HNU17532,500
5FNRL6H75KB118942,500
1C6JJTBGXLL196262,500
2C3CDXHG8HH536881,500
2HNYD28458H516995,500
3FA6P0HD8FR224063,500
5GAERBKW1LJ273845,500
3GNCJLSB9LL257537,500
5LM5J7XC2LGL24535,500
7FARW2H99LE006703,500
1GYKNBRS6HZ243355,500
JM3KFBDM8L0842466,500
1G1ZD5ST7LF132618,500
3GTU9DED9LG435562,500
JTDBL40E09J016189,500
2C4RDGBG3JR244991,500
5N1AT2MT1LC786286,500
1N6AD0ER5KN775431,500
KL4CJESB0JB578864,500
KNDPM3AC4M7866780,500
1HGCV1F17LA114419,500
3C4PDCGG3HT677775,500
1FTPX14V69KC90140,500
3C4PDCAB4LT219152,500
5GAERBKW3LJ279310,500
3VWCB7BUXLM074749,500
1C4RJFBG8LC386672,500
5TFAZ5CN9JX056025,500
3C4NJCBB2KT685952,500
1GTG5CEN5L1118484,500
3VV2B7AXXLM168268,500
1D8GT28K89W542725,500
1GYKNDRS0HZ313525,500
1FTEW1EP0LFB03937,500
1G1ZD5ST0JF106813,500
JTEBU14R968068797,500
3FAHP0JA5AR430989,500
1C6SRFFTXLN359342,500
JTHHA5BC8H5005321,500
1GCGSBEN6L1250107,500
3HGGK5H42LM725535,500
JN8AY2NC1J9553477,500
5GAKRDED6CJ259898,500
3FA6P0G79LR233328,500
5TDZA23C75S365530,500
5LMJJ2LT1LEL15540,500
1N6AD0ER2KN775614,500
KL4CJESB4LB029218,500
1C6RR7GT0FS624987,500
1C4HJXEN7LW232383,500
58ABK1GG7HU071118,500
1C4RJFAG9EC415049,500
1C6RREHT3LN374013,500
3LN6L5E92LR619740,500
1C4SDJCTXLC432431,500
5NMS53AAXLH249512,500
KMHRC8A31LU022801,500
WBA8A3C57JA494939,500
KNDPBCAC6E7642305,500
4T1M11AK8LU387507,500
1G6KD54YX2U253061,500
1GCRYDED6LZ365012,500
5NPEH4J28LH013544,500
5N1AT2MV1LC800480,500
3GTP9CEK7LG377439,500
KL7CJNSB7LB319231,500
JHLRD68454C013677,500
WAUBEGFF3LA061966,500
2FMPK4K98LBB15830,500
19XFC1F32LE217652,500
3VWCB7BU8LM074183,500
1N4AA6AP9HC403720,500
2C3CCAEG5KH533559,500
1VWBT7A3XEC098409,500
5FNRL6H9XMB008800,500
1C6SRFFT3LN349008,500
1C6HJTAG6LL186554,500
JTMDJREV0GD004754,500
3GCUYDED6LG299295,500
1FMCU0GD9HUE03422,500
JM3KFBCM1L0857750,500
KNAFX4A88F5266053,500
KL4CJCSB4GB574104,500
3N1CN8FV9LL803979,500
KNAGT4L35G5071336,500
3CZRU6H55LM732716,500
JTDEPMAE2MJ124502,500
3GCUYEEDXLG433120,500
WA1LAAF78HD006096,500
KM8J33AL4MU284393,500
2T3RFREV9FW363979,500
KM8J33ALXMU329448,500
2C3CDXBG3KH657575,500
5LMCJ1D92LUL22864,500
1FM5K8D83GGC88706,500
2T1BURHE7JC118734,500
5FNYF6H32MB007364,500
3MW5R1J03L8B15859,500
1C4NJPBA2GD813957,500
JN1AR5EF8BM240318,500
2C4RDGCG3DR651311,500
3CZRU5H1XLM716048,500
1FTFW1RG7LFC66891,500
MAJ3S2GE6LC312420,500
1FTFW1E50LFB54387,500
3VWN57BU7LM076961,500
JM1GL1V52H1152187,500
KM8K2CAA6MU613603,500
1FTER4FH3LLA56274,500
1FTFW1ET8EKG53687,500
3GCUKSEC6EG389188,500
5NMS5CAD9LH258521,500
5LMCJ2C98LUL23119,500
ZACCJABW0GPC81707,500
1C4RJEAG4LC116155,500
5TFDW5F11KX835399,500
2C3CDXBG1LH195566,500
1FMCU9G61LUB95938,500
3TMDZ5BN0KM061765,500
1FATP8FF5K5204629,500
WAU8SAF84LN005867,500
KL7CJKSB8LB037209,500
1FM5K8GT5HGB85658,500
JTDKN3DU4C1500699,500
2HKRW2H51KH651273,500
1C6RREJTXKN549379,500
KM8K1CAA9MU626008,500
SALLDVAF8TA979815,500
JM3KFACM1L0866006,500
3FA6P0G78LR222353,500
JN8AY2NC1K9583886,500
2GNALCEK7H1579065,500
1C6SRFFT6LN391625,500
KMHH55LC3LU139264,500
1N4BL4EV5KC117107,500
1GNFC26J49R234901,500
3VWDB7AJ9HM339986,500
1FMCU9GD0JUA08023,500
JTDP4MCE5MJ059160,500
3C4PDCAB4LT182359,500
WDC0G8EB6LF710150,500
2HGFB2E54CH515508,500
5FNYF6H77GB073951,500
2G1WT55N189282002,500
3GCUKREC6FG269885,500
3FA6P0HD2LR258608,500
1N4BZ1CP6KC309654,500
1G1ZE5ST2HF167989,500
1FM5K8DH3JGC04651,500
1FTEW1EP8LFB31002,500
1C3LC66K48N218624,500
3VV0B7AX1JM069892,500
SALZT2GX7LH101631,500
3C6UR5CL2LG147146,500
KL4MMDS28LB126055,500
1C6JJTBG2LL214690,500
1C6SRFKT3KN563601,500
1FTEW1E44LFB80350,500
5XYPGDA32LG669489,500
1C3CCCAB7FN726136,500
JF2SJAGC3JH581588,500
KL7CJLSB6GB762528,500
2C3CDZAG8LH199157,500
1G1ZB5ST1HF284861,500
5N1AZ2BS2LN105016,500
3C63R3JL2LG212161,500
1V2TR2CA1MC525865,500
WBA3A5G5XFNS91821,500
5J8TC2H62LL018156,500
KM8J3CAL8MU301759,500
JM1GL1VM5L1521429,500
NM0LS7E27L1454123,500
5GAERBKWXLJ117805,500
KL7CJPSB0JB726820,500
JN1BJ1CW6LW372667,500
3KPA24AD3LE322280,500
1FMCU0G6XLUA24665,500
5FNYF6H50MB020874,500
1FMCU0GX0FUA38328,500
1C6HJTFG6LL206410,500
5FNYF5H57MB004231,500
1FMJK2AT9LEA65676,500
5TDYK3DC2FS559591,500
3GNCJKSBXLL188707,500
1GKKNRLA7HZ259745,500
3GNAL2EK7ES600281,500
WA1AECF38L1113292,500
LRBFX1SA8LD048407,500
2T2HZMAA0LC178200,500
3TMDZ5BN7HM021823,500
KNDEUCA28M7062657,500
WDD3G4FB0LW038750,500
WP1AE2A28HLA74390,500
JF2GTHSC8MH209765,500
JTHBE1BL9E5029593,500
KL8CB6SA7MC704192,500
4T1B11HK9JU100802,500
5NPD84LF7LH606663,500
WBS4Y9C01LFJ78875,500
5FNRL6H74MB007737,500
1FM5K8HC7LGA89991,500
5N1AZ2MGXHN178733,500
5TDBBRCH3LS500342,500
3MZBN1V7XHM135126,500
3CZRU6H52LM731443,500
KMHDN46D75U147402,500
1GYFZER42LF150514,500
1GNSCCKC9JR117802,500
1VWCA7A37LC009340,500
1GC5YLE77LF316843,500
JF2GTABC0M8212067,500
1GCVKREC8HZ390635,500
WDDGF8BB2BR147368,500
5XYP5DHC3MG116833,500
WBAJA5C35HG897613,500
1FM5K8GT9KGB26264,500
1C4RJFBG6LC396469,500
2C3CDXHGXLH190342,500
5J8TB3H51HL019662,500
KM8J3CA48HU526536,500
WBA7T2C03MCE92945,500
1FTEW1E4XLKF14016,500
4T1B21HK4JU005089,500
5YJSA1CN1DFP05500,500
5NPE24AF7FH085201,500
3GKALTEV6LL336149,500
1FMCU9BZ8LUB90012,500
2FMPK4AP6KBC74408,500
JN1EV7AP7KM542125,500
JN1BV7AP2FM355738,500
1C6SRFBT1LN417098,500
4S4WMARD2M3408042,500
1FTER4FH2LLA45282,500
JN8AZ2NEXL9254197,500
JTEBU5JR5K5661144,500
WBAPM5C56BE576878,500
KNADM4A3XG6547044,500
3N1CP5DV5LL533502,500
3GNKBJRS8LS721118,500
1G1JA6SH8D4189107,500
1C4NJDEB6HD191786,500
5YFBURHEXKP874978,500
3VWG57AU6LM012694,500
JTEBU5JR8J5500303,500
JN8AZ2NE5K9232302,500
3VWCB7BU9LM075522,500
5FNYF6H03MB000123,500
1FA6P8TH4L5171451,500
1C4RJFBG3EC376456,500
3KPFL4A7XJE224227,500
KNDJN2A21F7772122,500
4T1G11AKXLU988169,500
JN1AZ0CP0CT025084,500
1FMCU9G6XLUB04729,500
1HGCV3F10LA016599,500
1GNSKJKC4LR123565,500
1FMSK8DH9LGC39071,500
W1K3G4FB0LJ222664,500
KM8J33AL2MU325443,500
3FA6P0HD6LR169043,500
1C6RR6GTXLS138872,500
3VWCB7BU7LM046715,500
3N1AB7AP0DL656567,500
1C4PJLDB0KD415999,500
WAUBJAFM4BA128922,500
LRBFXBSA2LD112785,500
1GCHSCE37G1378127,500
1HGCR2F15HA175687,500
3D4PH6FG0BT515314,500
3GSCL53729S632650,500
ZACNJAAB0LPL85743,500
1HGCV1F30LA125800,500
WBA4Z1C57JEC59352,500
1FTEW1C50LFB05494,500
JM3KFBBM9L1796109,500
5GAERBKW4LJ262371,500
1FMCU9G66LUA85578,500
1C6SRFMT8LN382721,500
KL7CJNSB5LB333337,500
3VWN57BU5LM060158,500
JN8AZ2NE1K9231132,500
JF2SJAFC7GH455177,500
2GNALCEK4G1137116,500
1HGCR2F30HA128486,500
1GKKNULS2KZ262412,500
1VWCA7A30LC022298,500
JM3KFBCM5L0810477,500
2T2HZMDA1LC243812,500
1G4GF5G38FF198077,500
3GNAXKEV0LL283904,500
JA4AT5AAXLZ037339,500
5XYZUDLB2JG507199,500
1FTEW1E45LFC53161,500
3G1BE6SM0JS547561,500
3GKALPEVXJL368106,500
5XYPKDA52HG232390,500
1HGCP2F86BA034329,500
1C4RDHDG2LC441634,500
MAJ6S3GL5LC369290,500
WBA8E5G33HNU43417,500
1GCPYBEH1LZ305895,500
5YFBURHE2JP783167,500
1C4PJMDB1GW120170,500
1FMCU9GD9HUD77649,500
2C3CCAAG0KH755934,500
1C4PJLLB7KD469978,500
5N1AT2MV4KC796343,500
5LMCJ2C93LUL13128,500
1FA6P8TH6J5165373,500
JTJBM7FX2J5188225,500
4T1G11AK5LU978262,500
1GNSKJKJ1LR182832,500
5XXG24J21MG009732,500
1V2WR2CA0KC535331,500
19XFC1F39LE005766,500
1G1BC5SM6J7228194,500
5GAEVCKW7LJ296760,500
4S4BSANC2K3282666,500
WA1LJAF70LD012774,500
1FA6P8CF6L5175970,500
WBA7U2C04LGJ59445,500
2T3H1RFV9LW098081,500
3VW5T7AJ7HM309192,500
1GCGTDEN3J1106486,500
2G1WN151369242520,500
JHMFA168X6S001971,500
JTJGJRDZ4L5007918,500
KL7CJKSB4LB315068,500
SALCP2FX0KH794813,500
1FADP3F26EL339431,500
1FMSK8FH3LGC87341,500
5NPE34AF1GH382611,500
3KPF24ADXLE245946,500
1C4HJXEN6MW520204,500
4S4BTGKD3L3259377,500
3GCUYEED7LG424844,500
3N1AB7AP2HY360717,500
JF2SJAWC5JH602457,500
1C4HJXDG1LW329629,500
1GTV2MEC3HZ368187,500
2GKFLUE3XH6218742,500
3VW2B7AJ2HM303872,500
5LM5J7XC6LGL28247,500
1FTEX1CP8LKE54280,500
5J6RM4H58EL078514,500
WP1AG2A56HLB51035,500
1N6BA1F4XGN507066,500
ZACNJAAB8LPL45815,500
3N1AB7AP5EY280372,500
LRBFX2SA4LD164855,500
1GCVKREC4HZ220563,500
SHHFK7H58JU403724,500
YV4162UM7L2347911,500
2C4RDGCG4KR580536,500
WZ1DB4C06LW027558,500
3TMAZ5CN3JM067737,500
5TDHBRCH9LS505667,500
WA1BNAFY2J2026208,500
2GNAXKEV5L6185813,500
JTMW1RFV5LD059248,500
1FMZU77KW5UB64696,500
1GCES14H46B123836,500
1LN6L9TK9H5612002,500
3GNCJPSB5LL221402,500
JTHY3JBH4K2015576,500
NM0LE7E22L1475310,500
3N1AB8CV9LY205463,500
3GNCJPSB4LL232522,500
JTJHZKFA7L2027092,500
1GC1KVEG1JF264845,500
3C4NJCBB5MT505348,500
2G1WX12K639270542,500
2HGFC2F65LH565984,500
JM3KFBDM3L0825932,500
1GTP9EEL3KZ146086,500
5J6RE48339L051240,500
1HGCV1F12LA090448,500
1HGCR2F33HA279726,500
3FADP4AJ9HM144723,500
JTEBU5JR1L5830559,500
1GNSCHKC6JR269503,500
5BZAF0AA4LN851638,500
19UUB1F39LA016068,500
3FA6P0RU5KR227219,500
1C6SRFFT7LN420890,500
3N6CM0KN7LK703213,500
5UXWZ7C39H0X43135,500
1FMCU0G6XLUB61668,500
1C4PJLCB1LD629600,500
KM8J33A40MU296663,500
JTDEAMDE7MJ006331,500
5J6RM4H32CL017137,500
WD4FF1CD1KT011433,500
KNAFK4A6XG5478127,500
3C4NJDAB7KT728060,500
5FNYF18515B068064,500
3GCPWCED8LG393143,500
1G6DE5E52C0101326,500
3VV1B7AX6LM153200,500
1GKKNXLS3LZ213609,500
NM0LS7DN3CT123703,500
KNDEU2AAXM7122732,500
KNDPMCAC9L7726352,500
1G4PP5SK4D4208544,500
3N1CP5CV2LL533782,500
1C4RJFLG4LC396243,500
JTHCF1D23E5007479,500
1FMCU9J99EUA23288,500
2C4RC1EG5LR241993,500
JF2GTAEC2M8211238,500
1C4RJFAG3LC371871,500
3GKALPEX0LL321526,500
KL4MMBS20LB102093,500
3VW2B7AJ5JM246167,500
1V21E2CA6LC216409,500
4T1C11AKXLU974612,500
5GAEVBKW9LJ287746,500
5FNRL6H75LB059540,500
3GCUYHEL7KG286150,500
7FART6H57LE014957,500
1GKS2HKJ6LR121515,500
JM3KFADM3L0823737,500
5N1DL0MNXLC541666,500
1C6JJTBG7LL155278,500
1GYFZDR43LF141282,500
WDC0G4KB7HV008977,500
2FMPK4J88GBB47093,500
3LN6L5HC4HR665052,500
1GCRWBEK2LZ339662,500
1N4AL21E09N534901,500
2GKALMEK7H6340475,500
1HGCV3F47LA014620,500
5LMCJ1C91LUL30178,500
5GAERBKW2LJ149924,500
4T1C11AK1LU959724,500
3CZRU6H1XLM730893,500
1GYKPDRS4LZ212863,500
3LN6L5F91LR616276,500
KM8K33A5XKU274163,500
5J8YD4H53LL027261,500
1FMCU0F70KUB19518,500
1FMJU1J59AEA70735,500
2HKRW1H23LH405505,500
1FAHP2D81FG124424,500
5N1AT2MTXLC732761,500
4T1BF1FK0HU434862,500
4T4BF1FK2ER347434,500
SALWV2FV6HA162756,500
ZAM57XSA8F1148847,500
5J6RW2H91LL005922,500
4S3GTAA69L1733192,500
1C4BJWEG2DL685430,500
3FA6P0HD0LR145207,500
5NMSK4AG6AH370019,500
1GYFZFR42LF125733,500
1GYKNCRS5LZ150566,500
4T1B11HK6JU031518,500
3GKALMEV9LL182297,500
W1N0G8EBXLF855996,500
3N1CN8DVXLL903317,500
3GNAXUEV8LL331693,500
2HGFG3B86DH526999,500
JN8AT2MVXHW001778,500
5YFEPMAE4MP150613,500
2HGFC2F62LH562962,500
5FNYF3H81AB012187,500
3GTP9EEL2LG408973,500
2C4RC1BG9DR604155,500
ML32A3HJ9LH006392,500
KM8K12AA7LU593597,500
1C4RJFBG8FC814888,500
KMHCT4AE7DU295419,500
1VWBT7A39GC010193,500
JF2SJABC7FH475837,500
1FM5K8GT0HGB29465,500
1FM5K7DHXHGB62547,500
JN8AY2NC1LX517688,500
5UXCR4C00L9D00984,500
4S4BTGKD1L3237717,500
5UXKR0C38H0X77086,500
1C4RDJAGXKC743991,500
3FA6P0LU1LR245307,500
5UXFA135X4LU22056,500
2GNALBEK0G1120064,500
2T3BK31V59W010899,500
1GCVKREC9JZ195360,500
1C4PJMAK9CW199375,500
2LMPJ9JP7KBL16377,500
3LN6L5MU4HR650890,500
5FNRL5H94DB080988,500
1FMJU1HT6LEA43595,500
1GNSKSKD0MR125507,500
3C4PDCAB6LT201946,500
2GKALNEK7H6332561,500
2GNALBEK0E6333175,500
1GYKNGRSXLZ193159,500
1GKS2HKJ5LR200996,500
3GCUYEETXLG404997,500
1C4PJLDB2KD302393,500
1GCRYEED0LZ312294,500
3N1CN7AP0KL832269,500
1N4AL2APXCC179241,500
3C4PDCDGXCT159272,500
JM3TCBCY2J0212277,500
3HGGK5H88LM724151,500
KL8CB6SA0MC703482,500
6N1AZ2MH7HN143964,500
WMWSV3C53BTY12233,500
WP1AA2AY5LDA09824,500
4T1BF1FK6HU799403,500
2GNFLGEK9F6414020,500
LRBFX4SX6LD158765,500
1GCRWDED3LZ352157,500
4T1M11AK7LU385232,500
1FMSK8FH7LGA02916,500
1FA6P8CF2L5170412,500
JF2SJAGC4HH511141,500
KL79MRSL6MB014063,500
2T2ZK1BA0BC062578,500
1C6RR6LM8GS223746,500
3VWC57BUXKM143915,500
WP0CB2A8XKS228960,500
4T1B11HK3JU069420,500
JF2SKAXC8LH439687,500
KMHDH6AE0DU006317,500
3FA6P0HD8JR196225,500
1N4AL3AP5HC170640,500
1FT8W3B68HEB71209,500
SALYM2RV8JA723729,500
1GYKNDRSXHZ181003,500
KM8J33AL6LU215400,500
KL79MUSL8MB025973,500
1GNERFKW4LJ280642,500
WVWKR7AU6HW953653,500
1N4BL4BV4LC272706,500
5NPD84LF9LH517824,500
JM3KFBCM6L1860346,500
JTHBK1EGXC2498777,500
2LMPJ6J98LBL14249,500
5TFEY5F13LX271089,500
3N1AB7AP1JY315466,500
1C6SRFCT8LN120988,500
SALCT2FX9LH870347,500
JN8AZ1MU8AW021164,500
KNDMC5C17M6667922,500
3VWD17AJ2FM281560,500
3KPF24AD5LE255607,500
JTJHW31U382053776,500
5N1DL0MM5HC555201,500
1GKEV23D59J171985,500
1HGCV1F12JA076479,500
3C63R3EL0LG247484,500
3GYFNEE39FS566620,500
LVY102MK6KP079091,500
5N1AZ2BJ9LN163695,500
5TDZY68A38S005587,500
1C6SRFFM7LN249972,500
3C4PDCAB9HT545746,500
KNDETCA2XM7128161,500
1C4NJRBB9GD579577,500
3GNCJNSB7LL309307,500
1VWBS7A32GC014721,500
1FTEW1CM8DKD11047,500
3N1CN8DV4LL885302,500
KL7CJPSB1HB171497,500
2GNAXJEV5J6348175,500
3C6UR5CLXLG114962,500
1GYKNDRS1LZ232445,500
1GNSKHKCXLR179809,500
1HGCV3F18LA016558,500
1GCVKREC0JZ239018,500
1FTEW1EG9FFA02321,500
1N4AZ1BP5LC307103,500
2B3CJ5DT1BH575607,500
YV4A22PK6K1417151,500
JM3KFABM7L0861930,500
1FAHP2E82HG146630,500
WDDWK8HB8JF627865,500
3VW5T7AU4LM013601,500
SALZJ2FX3LH041614,500
1G11C5SA4GF114291,500
1G1FH3D76K0138861,500
3FA6P0HD6LR250463,500
1GNEVNKW8LJ259640,500
3FA6P0HD3LR261436,500
JM1GL1VM6K1500135,500
3GTU9CED7LG390292,500
JF1GV8J68CL002928,500
5J8TB3H72JL002781,500
KL7CJLSB0LB034763,500
1C4HJXEN0LW115910,500
1FTEW1E49LKE57761,500
1C4BJWDG2DL615914,500
2GNAXKEV4L6273753,500
1FT7X2B65BEC96260,500
3KPA24AD0LE334032,500
WAUYGAFC3DN073102,500
19UDE2F77LA007871,500
1C4GJXAN8LW337614,500
1GNSKDKD4MR132228,500
YV4A22PLXK1415850,500
1C6SRFJT8LN417939,500
1FTEW1EP1LKE62088,500
5NMS53AD9LH263198,500
2FMDK3J93DBC29265,500
JF2SKADC1LH596417,500
3A4FY48B47T554973,500
3GTU2NEC3GG362700,500
2GKALPEK5H6289205,500
3CZRU6H54LM723957,500
1FTEW1EPXLKE04545,500
KL4CJASB8JB514838,500
3C6TRVDG7LE114538,500
5N1DL0MM6HC505858,500
3GNCJKSB0LL273796,500
SCFSMGAW3LGN04967,500
1C6HJTAG2LL128120,500
2G2WR554961236799,500
1GKKNKLA8JZ238030,500
2T2HK31U27C001565,500
1C4RJFCG9LC418401,500
1V2JP2CA2MC525824,500
5UXFA93524LE81202,500
1C4PJLCB1KD479499,500
1FTEW1E4CLKF13920,500
1FMHK7B80CGA00404,500
1G1ZD5ST1LF157286,500
1FTEW1E49LFB99301,500
1GKS2DKL2MR130157,500
19XFC2F83LE027117,500
3GNCJKSBXLL298415,500
1FMZU73K65ZA17451,500
1FTFW1R61BFA30100,500
1HGCR2F53GA072219,500
2C3CCAGG9KH586097,500
WA1AAAF77HD011006,500
WAUGFAFR5AA049180,500
3GNCJLSB3LL309356,500
1FTEW1CP2LKF32443,500
1C4RDHDG8KC684380,500
5TDDKRFH2FS139811,500
KL8CD6SAXLC430494,500
1N4BL4BVXLC277764,500
2T3DFREVXHW641169,500
WBS6C9C50FD467653,500
1FM5K8GC6LGC91741,500
2C4RDGBG4LR228012,500
JN8AY2NC7K9580846,500
JTDEAMDE7MJ005972,500
2C3CDXBG3LH214277,500
1HGCR3F88DA022685,500
5FNYF4H98EB032473,500
4JGFF5KE6LA263845,500
2GNAXKEVXL6113456,500
1FM5K8F86JGB10776,500
1C4SDJCT8LC394875,500
5N1AZ2MG7JN105082,500
3GCUYGED0LG435213,500
1GCPYFED3LZ350292,500
2GKALSEK6F6198962,500
1FADP3K27EL110164,500
2C3CDZAG8LH211050,500
3TMAZ5CN7KM105987,500
1GNERFKW9LJ222154,500
1GCPYCEF9LZ356792,500
1FTEW1EG0FKE98813,500
5NMSG13D27H100166,500
KL79MUSL5MB031942,500
1C4PJMDBXGW335594,500
1FMCU0G61LUB47805,500
WBAUN7C51BVM25216,500
1G4GB5G35GF156110,500
4S3BMDK62B2241023,500
LRBFX3SX8LD168661,500
3GCNYAEF7LG231351,500
1GNSCNKD9MR142028,500
5XXGN4A76FG503204,500
JN1EV7AR1LM256970,500
KM8K12AA7MU634649,500
3VWD17AJXFM216794,500
1FTEW1EP9LFC19797,500
2T1BURHE0KC158543,500
3C4NJDBB7LT165348,500
1FTEW1EP7LFC27607,500
1N6AA1ED6LN510747,500
JTHBJ46G492277901,500
ZACCJBBB4HPE79419,500
1GT12ZE89FF613807,500
1FM5K8F88EGB43607,500
1C4HJXDG6LW240803,500
1C6RR6TT1KS694265,500
1HGCV1F38JA229688,500
KL7CJLSB3LB034997,500
1HGCV1F35LA124707,500
5J8YD3H56LL010366,500
1FTEW1EG8JFA54502,500
1FTER4EH4LLA40781,500
KNAFX4A64G5541580,500
5N1AZ2BJ2LN104827,500
1G1ZB5ST5LF152100,500
1GNSKBKC2LR204585,500
3GTU2PEC5HG189839,500
1FAHP2KT3FG177522,500
2GKFLTEK6G6339560,500
1GCUYDED1LZ323910,500
1C3CDZAB6CN286194,500
WAUU2AF25KN118705,500
1FMJU1HT9LEA06119,500
3KPA24AD4LE321316,500
1GTV2VECXEZ329615,500
3N1AB8CV6LY236914,500
WMWZG3C58BTY35726,500
JM1BL1VGXB1380859,500
WA1ANAFY6L2065320,500
1C4PJMDN8LD580474,500
JF2GTAEC0MH219550,500
JN1BV7AP9EM672236,500
5NMS23AD9LH164244,500
1FMSK7DH6LGA10647,500
5J6RW2H20LL001797,500
3GNCJKSB2LL318589,500
3GNAXHEV1LS719300,500
KL4MMDSL6LB120327,500
5TDJGRFH2KS066941,500
1N4BL3AP2DC131065,500
3C4NJCBB9KT736735,500
1C4PJLCB9HW596101,500
1G1FB1RS9H0162373,500
5TDYZRAH0LS027167,500
5LMCJ2D99LUL22902,500
1GYKPGRS3LZ151717,500
WDC0G4KB4HV004627,500
1FMCU0G67LUC00104,500
SALWR2FV4HA142042,500
1FADP3F25DL363766,500
1LN6L9RP8L5600905,500
2B3KA43G28H299277,500
4JGFB4KB3LA238249,500
2HGFC2F84LH572278,500
YV1LS5547W2438232,500
1HGCS1B35CA012892,500
1C4PJMBX0LD578495,500
5TDYK3DC8GS691417,500
W1KXJ8GB3LA050283,500
1GCRKSE73DZ311328,500
1N4AL3AP4FN348118,500
W1KUG8DB3LA562504,500
W1KWF6EB6LR585260,500
3CZRU6H56LM726438,500
5YFBURHE6GP432951,500
5TDGZRBH3LS051800,500
1FTFW1EGXGFC54178,500
LYV402TK7JB168507,500
3FA6P0G79LR261582,500
1HGEM22901L019232,500
5NPD74LF0LH610962,500
4S4BSABC1K3383671,500
2LMPJ8KP7LBL22321,500
3GTU9BEDXLG414076,500
1FMCU0G63LUB94317,500
5N1DR2MM8HC651883,500
4T1M11AK4LU967465,500
4S4BRBKCXA3373818,500
JM3KFADM0L1837685,500
KNDJ23AU3L7052493,500
1N4BL4CV1LC273746,500
3FA6P0HD5LR187839,500
1HGCR6F36EA004970,500
5TDGZRBH5LS521115,500
3FADP4EJ7GM188437,500
1V2ER2CA7MC509131,500
LRBFX2SA3LD158030,500
1FTEX1EB0LFC27708,500
KL4MMCSL4LB111720,500
1C3BC2EB1BN532535,500
JF2SJGWCXHH477291,500
JH4KC1F96FC000635,500
1G1ZD5ST2LF140822,500
3GCUYBEF2LG382602,500
3FA6P0HD2LR143572,500
KM8J33A46LU231704,500
KNDJP3A53J7597150,500
KNDJ23AU4L7109655,500
3VV3B7AXXLM163592,500
1V2WR2CA6MC526670,500
3LN6L5A92HR655148,500
1N4AL3AP2JC133003,500
1C6RR7MT8HS650485,500
5TFRZ5CN4KX073061,500
1C4PJMDB0HW636764,500
WP0AB2Y17LSA50333,500
3C63RRJLXLG293042,500
3N1AB8CV1LY254382,500
KM8J3CA26HU430600,500
1FMSK7FH9LGC21225,500
1FTER4EH0LLA66164,500
JF1SG63676H752186,500
JTLKT324754016217,500
MAJ6S3GL6LC312161,500
1FMJU1KT5JEA69353,500
JN8AT2MV4LW102565,500
1GCRWCED1KZ213346,500
5J6RW2H58HL007347,500
1GCUYBEF3LZ276868,500
1C6HJTAG0LL187747,500
1FTEW1CP5LFB53994,500
1FTEW1EG6HKE43608,500
3GNCJLSBXKL376390,500
WP1AA2A29CLA00285,500
2T2BZMCA5HC055017,500
1GNERGKW7LJ260505,500
KNAFK4A65G5614180,500
1GCUYDED4KZ131539,500
3HGGK5H42LM722568,500
4T1BE46K29U376811,500
4T1C11AK5LU380669,500
1C4RJEBM6GC314696,500
KL4CJASB4LB019118,500
JN1BJ1CPXHW035712,500
1FT7W2BT9LEE61916,500
1GC1KYCG7BF165436,500
JTDKAMFU8M3129101,500
3GKALTEV5LL313994,500
5LMCJ1C98LUL26757,500
1FTEW1E50LFB61481,500
KNDPCCAC3F7677852,500
1C4HJXDG3LW291143,500
JA4AD2A37KZ004987,500
JF2SKAUC7LH593120,500
5TDYK3DC5FS578863,500
1GNERKKW6LJ292784,500
1FBZX2ZM3HKA66762,500
3GCUYEED8LG387013,500
KL4MMFSL9LB110533,500
LVY992MK9JP032046,500
YV4102PK2L1580094,500
KL7CJLSB3LB012014,500
2T3BFREV8HW689325,500
NM0LS7E27L1472380,500
1FTEW1E55LKE57569,500
1FTEW1E52LFC01236,500
3VV2B7AX5KM064964,500
3GKALSEX4LL325128,500
55SWF4KB1HU199862,500
1FTEW1E41LKE74604,500
19XFC2F65LE006042,500
2GNFLGEK3H6263534,500
5XYPGDA50HG234236,500
3VWFP7AT8EM620426,500
KNAFK5A84H5715168,500
5NPEB4AC1EH921203,500
1YVHZ8CH8A5M16952,500
3FADP4EJ6HM152613,500
3VWCB7BU5LM072830,500
WA1ANAFY3L2106633,500
4T1B11HK7KU197225,500
5NPEU46F46H018140,500
5TDBZRBH9LS517952,500
3GCNYAEF2LG231872,500
1FA6P8CF6J5128161,500
5TDKZ3DC8LS079164,500
1G4HP57206U203308,500
2GNFLFEK7G6161744,500
1FTEW1E4XLKE20282,500
2C3CDZBT2LH191857,500
3CZRU6H50LM713524,500
JF2SJALC6JH592607,500
5FNRL6H76LB073415,500
1G6AW5SXXH0166129,500
4S4BTGPDXL3240155,500
5N1AN0NW8FN657641,500
5NPEU46C89H419023,500
1C4HJXDG9LW250273,500
5NPD84LF1JH235822,500
2T2BZMCA9KC210501,500
5TDHBRCHXLS512983,500
1N4BL4BW8LC253097,500
JN1BJ1CP8KW238878,500
5N1AR2MM7DC622968,500
1VWCN7A30DC139563,500
1GKER13D19J113306,500
1FTEW1E41LFC06628,500
JM1GJ1U61F1163548,500
4T1BF1FK8EU849116,500
3HGGK5H4XLM722768,500
2HGFC2F55HH552795,500
1FTFW1E40LKE39833,500
3MYDLBYVXLY715979,500
1GCHSBEAXL1247745,500
WAU32AFDXFN037007,500
1N6BD0CT4GN709172,500
1C4RJEAG5LC246350,500
1GTG6CEN1M1103348,500
1FADP3F20DL258472,500
5N1DL0MN6LC531734,500
5TDXK3DC6GS711451,500
5N1AZ2AJ5LN157054,500
3GNCJPSB2GL272619,500
1HGCV1F12LA095469,500
3GKALVEV9LL183021,500
2T3H1RFV1LC084628,500
5TDYK3DCXFS553392,500
JN8AY2NC0H9508928,500
1FMSK8DH5LGC55784,500
1FMSK7DH5LGB82880,500
2GNAXHEV9L6270883,500
3GCUYEET4LG379630,500
1FM5K8GC8LGC89005,500
1GTG6FEN7M1103257,500
3TYSZ5AN5LT004699,500
1C4HJXDN6KW622973,500
WDDSJ4EB6JN576287,500
1FMCU9GX2EUB90758,500
4T1C31AK3LU542728,500
19XFC2F64KE014681,500
19UUB1F36LA018070,500
1FADP3K22EL181952,500
3N1AB7AP8DL739907,500
SADFP2FX1K1Z43554,500
1FTEW1CP6LFC49066,500
5N1DL0MN8LC500050,500
KM8K3CA58LU525506,500
1FMCU0HD1JUD00581,500
1GCRYEED6LZ341248,500
5N1AT2MT0EC779512,500
1C4BJWDG3DL634889,500
3GNCJKSB6LL303383,500
JF2SKALC7LH600214,500
1FA6P8THXJ5116712,500
ZACNJBC18LPL61751,500
1HGCV1F64JA047495,500
2T3P1RFV2LC126770,500
5LMCJ1D94LUL19156,500
2HGFC2F86LH559631,500
KM8J33A43MU307560,500
2G4GK5EX4G9207465,500
3VV4B7AX5KM157914,500
WBXJG9C00L5P94380,500
2GKFLTE35H6198121,500
ZFF80AMA7J0232058,500
2T3WK4DV6AW005590,500
KNALC4J13L5221096,500
1FMCU0G68LUB66447,500
1C4AJWAGXCL135974,500
1FMSK8FH6LGC39509,500
2G1FT1EWXE9174443,500
5TFDW5F13EX370662,500
3N1AB7AP5KY405690,500
1FT7W2BT4KED74200,500
5N1AR18B29C607238,500
5YFHPRAE3LP054738,500
19XFC1F97LE212404,500
KL7CJKSB3MB304421,500
WA1ANAFY9L2039973,500
1C4RJEAG1LC403744,500
JM3KFBCM2L0852136,500
5TDZZRFHXKS333868,500
1FMJK1JT1LEA76049,500
1C6HJTFG7LL217125,500
19XFC2F62LE212435,500
4T1G11AK6LU976875,500
WBA8B9G36HNU54203,500
1HGCV1F38LA132266,500
1C6HJTAG2LL150747,500
2C3CDZAG1JH339398,500
3GCPYDEKXLG345948,500
5TDDZRBH3LS054134,500
1C4BJWDG8HL536415,500
1G6DA5RK6L0146264,500
2T1BURHE4KC165334,500
3GNKBERSXLS726232,500
JTMP1RFV0KD024250,500
KNDERCAA8M7127063,500
2FMPK3K93JBB32493,500
1HGCS2B82CA002189,500
3GNKBARA4LS678999,500
1N4BL4DV1LN317442,500
1FMCU9GX5EUC14177,500
1NXBR32E95Z343412,500
3N1CP5CU9JL519723,500
KM8SR4HF3HU193095,500
3LN6L5E90KR602496,500
1N4AL3AP5GC285589,500
2LMPJ6J92LBL18698,500
1FMCU0G61LUB59954,500
2C3CDXCT5KH584429,500
JN8AS5MV7BW257453,500
5TDZZRAH2LS029085,500
2T1BURHE5GC622031,500
2T3P1RFV4KC025325,500
1FA6P8CF8L5170396,500
WA1ANAFY2J2011994,500
4T1C31AK7LU538617,500
3GNCJKSB1LL313805,500
1GNSCBKC0LR143895,500
3LN6L5F98LR613343,500
3MVDMBEMXLM108106,500
3GNCJLSB1LL129146,500
2FMPK4G92LBA03985,500
1GNSKNKD8MR123506,500
1FMCU0E74CKB11209,500
1GTP9EEL4LZ339221,500
4T1BF1FK3HU797818,500
JTDKDTB33D1538634,500
4S4BTANC2L3249276,500
1FT7W2BT7KEC60806,500
4T1K61AK6LU990982,500
4T1L11BK1LU005148,500
JF2GPAGC2D2211292,500
1FMCU9GD5HUE98601,500
JTNK4RBE1K3073093,500
JTDKARFU9L3114473,500
1FTEW1EP0KFC82981,500
WBAJB9C52JG463886,500
LRBFX2SA2LD168791,500
1FMCU0GD5JUB41209,500
KL7CJLSB1LB009516,500
5NMS33AD2KH007554,500
1FTEW1CP2LKE59011,500
KMHD84LF8HU156529,500
3C4PDCAB4LT253978,500
1FTEW1E4XLKD23289,500
1FTVX1EF2EKG10630,500
4T1K61AKXLU979239,500
KNAFU4A20D5655920,500
1G1ZB5ST9JF252374,500
1C4PJMBX1LD655486,500
WDC0G4JB6JV061726,500
1FTRW07L53KA65649,500
KMHH35LE9JU021062,500
2FMPK4K89GBB30396,500
5LMCJ2C90KUL09519,500
5NPE34AFXKH808921,500
7JRA22TK9LG066437,500
2GNFLFEK3G6322980,500
1FMCU93108KD84884,500
1FTEW1EP2LFC30463,500
3PCAJ5M15LF119041,500
5YFEPRAE6LP025530,500
5YFBURHEXHP718366,500
3GKALTEV8LL198632,500
JTMRFREV4DD025576,500
WBAJR7C04LCE48632,500
1FMJU1HT5LEA71467,500
5NPE24AFXKH775874,500
3KPA24AD9LE313471,500
JM3KFADL9H0177652,500
3C4NJDCB3LT209151,500
1FMSK7DH7LGB80581,500
1GYKNAR42LZ232406,500
2C4RDGBG9LR155736,500
SALYB2RX4JA742592,500
WA1ECCFS1HR017771,500
1N4BL4BV5LC206343,500
3KPF24AD0KE099989,500
2C3CDZC9XGH220966,500
3C4NJCBB4KT750445,500
1D8GU58667W630607,500
3C6UR5CL2LG185721,500
1FMCU0F66LUB91154,500
MAJ3S2GE3LC328008,500
KL79MPSL6MB034561,500
1GKS2DKL8MR136335,500
4S4BTAEC7L3267675,500
KM8J3CAL7MU315068,500
1GCRYDED6LZ371117,500
2HKRW2H84LH668192,500
1FTEW1EP9KFA71021,500
2C3CDXBGXEH307784,500
1C4RJFLG6HC602766,500
3C3CFFGE7HT543963,500
3FADP4BJ4KM142674,500
1GCRYEED5LZ337630,500
1FTEW1E56KKE92071,500
3C4NJDBB8JT167817,500
1FTEW1EG8JFA95499,500
WDC0G6EB3LF729999,500
3GNAXHEV9LS687759,500
3VW2B7AJ0HM375816,500
3FA6P0T98KR233469,500
2HGFC4B03HH306026,500
3FA6P0LU1LR142839,500
3FA6P0G70LR168174,500
5FNRL38428B079918,500
3C6TR5CJ8LG226668,500
1FTEX1CW4AFC11286,500
1G1YY22G525113166,500
5N1AZ2BS9LN148073,500
WAUACGFF0F1062918,500
1FMSK8DH1LGC71769,500
WDDZF4JB0JA325455,500
1N4AL4FV2LC115150,500
5N1AZ2MH0HN169239,500
WBAJA7C30HWA70672,500
1FMCU0J95KUC31031,500
3MZBN1U76JM167997,500
5TDHZRBH1LS041187,500
1G1ZE5ST9HF187978,500
1C4PJMLB9KD406628,500
1FM5K8F81HGC98407,500
1FMSK7DH0LGB80745,500
1FMCU0GX6FUC77544,500
1FTEW1C51LKF00565,500
4JGDF6EE7HA932351,500
2HGFC1F75HH650690,500
JN8AY2NC9K9588236,500
1C4HJXFN8LW345953,500
1N4AA5AP1EC432814,500
WDDHF8HB9AA238971,500
2HGFC1F93LH683102,500
3C6UR5SLXLG200192,500
KL7CJKSB7MB304177,500
5NPD74LF8KH489550,500
5TDJKRFH6GS265609,500
1HGCR2F55HA266316,500
3N1CN8EV6LL828971,500
1FMJK1HT1LEA33997,500
1FMSK7FH7LGA58445,500
3N1CP5CU2KL524697,500
1FATP8UH5K5138278,500
1FMCU9J92JUA19027,500
5J6RW1H26LA009053,500
KL79MMS24MB025556,500
1C6SRFHT6LN195097,500
3KPA24AB6KE221232,500
3C63RRJL6LG215549,500
1FTEW1E44LFC38103,500
4T1B11HK2KU730680,500
5N1DR2BM1LC625296,500
1FD8X3H6XLED52675,500
5TDHBRCH1LS509745,500
1C4RJFBG2LC397022,500
3C4NJDBB6JT402733,500
5NPE34AFXGH342270,500
1N4BL4EW9LC100143,500
2C4RC1GG4LR224180,500
JTHBW1GG6H2154128,500
SALYK2EX2LA285628,500
WBA7T2C09MCE94182,500
1C4RJFAGXLC266762,500
1N6BD0CT0HN712894,500
JTEBU5JR0L5832867,500
2C3CDXBG7JH257629,500
3N1AB7AP7KY435659,500
1G6DU5RKXL0140085,500
MAJ6S3GL6LC357214,500
3GNMCEE0XDG216915,500
1GNKRHKD5HJ350430,500
WBAJA5C36HG897684,500
1FTFW1RG7JFB82339,500
KNDEPCAA8M7084169,500
7FARW2H80JE095288,500
3FA6P0HD0LR265444,500
5TDYKRFH8GS159645,500
1FMJK1K50CEF22787,500
3GNAXNEV3LS592385,500
5FNYF3H57CB001154,500
1GD48LE73LF248886,500
KL7CJKSB7LB085140,500
3N1BC1CP9AL443253,500
NM0LS7F27L1468943,500
1GNSCBKC4KR396569,500
JM3KFBDM5L0818206,500
2FMPK3K92KBB62229,500
MAJ3S2KE0LC327342,500
3N1CN8DV9LL903986,500
KNMAT2MT4LP525909,500
1N4BZ1BP2LC308732,500
1FTEW1E41LFC18956,500
5FNYF6H56MB007949,500
SALRG2RV0L2420999,500
KL4MMCSLXLB071322,500
4M2CN9HGXAKJ17167,500
KL8CB6SA8MC701138,500
5TDYZ3DC9KS013909,500
JTMDJREV7GD008820,500
1GCGTBEN2M1120422,500
5UXTR9C56KLD99157,500
3LN6L5A91LR615474,500
5TDYY5G14CS039277,500
JHLRD78846C033852,500
1GCRYCEF1LZ293311,500
2C3CDZAG0LH206439,500
3FA6P0HD5HR378779,500
JN1BJ1CV4LW256147,500
1C4HJXDG7LW274605,500
3GNAXHEV6LS592429,500
5YJSA1E40HF171920,500
W1W4EBVYXLT022110,500
JN1BJ1CV4LW543536,500
WDC0G4KB5GF094119,500
W1N4N4HB2MJ116549,500
4T1C11AK9LU936000,500
2FMDK3J94CBA11589,500
1C6SRFFT6LN396839,500
1FTEW1E4XLFB62659,500
3GKALSEX0LL306334,500
SJKCH5CP3HA025151,500
1C4RJFCG5LC426866,500
JM1NDAC71L0416121,500
KM8J3CA44LU261123,500
JF2GPABCXH8217822,500
3TMCZ5AN2KM207919,500
3C4NJDBB4LT256447,500
1C6SRFFT5LN347387,500
2C4RC1BG1DR573516,500
WAUB4CF57JA062912,500
1C6RRFFG3LN353268,500
KM8J3CAL4LU145847,500
3FA6P0LUXJR137393,500
KM8K3CA57LU590198,500
KNMAT2MV0KP538253,500
3GTU2VEC3EG448649,500
19UUB1F35LA015905,500
3VWDB7AJ9HM267087,500
MAJ6S3JL8LC348958,500
3GCNWAEF4LG115787,500
JM3TCADY3J0208506,500
1HGCR6F34EA005454,500
3FA6P0HD4LR253393,500
1FMCU0D71AKD37223,500
1ZVBP8CF2C5245339,500
1FAHP2D83EG162087,500
1G6DP5RK9L0123141,500
KMHGN4JE2FU043639,500
1FTEW1EP8JKF14734,500
JNKCV61E49M304965,500
KNDPM3AC2L7816653,500
1FMCU9G64LUB68197,500
JM3TB3CA3E0431282,500
1FMCU0G6XLUB28962,500
WAUENCF58JA136784,500
JM1BPBMM9K1125525,500
WBY1Z4C56EV274739,500
4T1BF1FK2HU662183,500
3GNAXUEV5LS649034,500
5NPEB4AC0DH647281,500
1FTEW1E47LFB26363,500
JTNKHMBX5K1030834,500
ZHWUC2ZF7GLA04416,500
3GCUYEED3LG396492,500
JTMDJREVXHD111229,500
TRUMF38J581002613,500
1GNEVHKW9LJ174579,500
JM1CW2CL5C0107949,500
WAUB1GFF2J1087256,500
1FTEW1E40LKE93242,500
19XZE4F99ME000601,500
1C3CCBBB7EN179747,500
3GTU2NEC0JG247804,500
2C3CDZL97KH741278,500
1GYKNFRS4JZ159189,500
1FM5K8HC0LGD04921,500
JTEZU5JR7L5226285,500
3KPFK4A70JE234171,500
5NPD84LFXHH010003,500
3MW5R1J00L8B29864,500
3GNAXHEV2LS597398,500
1HGCP2F8XBA067477,500
2C3CCAAG2LH175473,500
JTDL9RFU4L3014164,500
3FA6P0HD6LR233971,500
NM0LS7FX4G1265090,500
5NPD84LF8JH283690,500
5TDXK3DC0FS570911,500
JN8AT2MT0KW501731,500
1FTFW1ET4DFA05383,500
5YFEPMAE0MP148907,500
1HGEJ8144TL074304,500
1GCVKREC6HZ150614,500
3KPA24AD5LE285927,500
YV1960AS2A1120121,500
5FNYF6H32HB034313,500
3VWCB7BU9LM015935,500
JF2SJAGC9JH545453,500
LRBFXDSAXHD222034,500
1FTEW1E48LKD64181,500
1GNSKSKD0MR121540,500
3C4PDCAB8LT214164,500
2T3W1RFV6LC085815,500
1FTEW1EG9HFC76122,500
1HGCR3F85DA032168,500
1FTBR1C89LKB20765,500
WAUENAF41KA034448,500
1D7HA16N88J142861,500
KL7CJLSB7LB010380,500
1GCGSCEN9L1201151,500
3GYFNCE30DS638659,500
JN1EV7AP1HM742202,500
1GNERFKW7LJ303704,500
5TDDKRFH1FS156051,500
3C4PDCBGXHT566339,500
5NMS23AD9LH137223,500
1N4AL3AP6GC142831,500
1ZVBP8AN6A5135739,500
2C4RC1AG0KR657907,500
SHHFK7H41LU422562,500
3GCUYDET7LG388266,500
5XYPG4A3XKG451881,500
2HKRW1H22LH418052,500
1FTEW1E42LKF08873,500
2C3CDXJG5LH155542,500
2C4RDGCG4HR673193,500
5NPEL4JA7LH002282,500
1V2ME2CA3LC208507,500
1GNSCBE01DR160093,500
MAJ6S3JL9LC349861,500
1FTSE34L34HB43001,500
1V2PR2CA7MC516833,500
3C6UR5PJ9EG307034,500
19UUB2F62JA007788,500
JM1BPACL8L1166765,500
1FADP3K22FL335531,500
5YFM4RCE0LP009616,500
JM3KFACM7L0838324,500
JN8AT2MVXLW142777,500
5J8YD4H5XHL003000,500
5TDDZRBH5LS038274,500
KMHDU46D37U135088,500
YV4162UM4M2397683,500
1C6HJTAG8LL211714,500
3GNAXSEV9JL352229,500
3GCPCPEC0JG527213,500
1FTEW1EP7HKE18202,500
JN8AY2NC6K9585701,500
1C4PJMCB4HW521246,500
55SWF4KB1HU193172,500
1G1ZG5ST9LF151002,500
3N1AB7AP4HY341263,500
2T3RFREV7JW756047,500
3GNAXKEV4LL267317,500
4T1BK3DB8CU461844,500
1N4BL4DW6KN328587,500
5GAKVDKD1DJ107643,500
JTEZU5JR3L5226641,500
WA1DGBFE2CD006515,500
4T1G11AK7LU381503,500
2T1BU4EE3BC537978,500
1FTEW1CP8LFC39171,500
2C4RDGBG4LR243030,500
2GNAXUEV5L6100027,500
KMHGN4JEXJU236730,500
2FMPK4K83HBB72919,500
5FNYF4H59BB021622,500
1G1FC1RX9H0117099,500
1N4AA6AP1HC439899,500
3LN6L2JK4GR610373,500
19UDE2F32HA007118,500
5FNYF8H58LB015786,500
1FD8W3HT0KEF04096,500
JM3KFACM4L0844954,500
3C6UR5NJ8JG426352,500
5YFEPMAE2MP156636,500
YV4CZ592X61303355,500
KL4CJASB4HB229015,500
5FNYF5H56MB004785,500
1GKFK66U75J175420,500
5J6RW2H27LL018886,500
KL4MMBS22LB129019,500
2FMPK4K95GBC46588,500
3C4PDDEG6KT795111,500
1C6SRFFT2LN407884,500
WBAXG5C5XDD233362,500
1FMSK7FH8LGA24143,500
2C3CDYBT9EH106039,500
KM8K3CA53MU610562,500
JN1EV7AR5LM253778,500
1C4GJWBG7GL163214,500
5N1DR2MN3KC627782,500
1C4PJLCB2GW302648,500
JA4AP3AU4LU012369,500
2T2HZMDA8LC251101,500
3TMCZ5AN9LM367331,500
1C6RR7LT1HS834894,500
3GNKBBRA4LS729276,500
5NPDH4AE4DH371778,500
3GNAXHEVXLS679623,500
W1W4ECHY9LT022665,500
2C4RDGBG8HR687759,500
5FNYF4H92AB020684,500
3GNKBCRS2LS714015,500
1G6DK5RKXL0152856,500
1FTEW1EG6GFA47959,500
YV4960DL9A2119890,500
19UUB1F50GA013406,500
1C4HJXFGXLW142614,500
3C4PDDEGXJT464398,500
1C6RR7LG1ES110749,500
1G1FY6S05L4134267,500
5TDBZRBH6LS520162,500
1HGCR2F35HA287164,500
5YFS4MCE2MP061003,500
3VWDB7AJXJM262938,500
1C4RJFCT3LC398675,500
JN8AZ2NE4K9234087,500
1FMSK7DH2LGC89269,500
JTHBE1BL4D5009752,500
KNMAT2MVXLP517363,500
4S4BTANC3L3195714,500
3N1CN8EV2LL801881,500
1G1FZ6S00L4136604,500
4T1F11AK0LU976138,500
2T2HZMDA6LC255406,500
2C3CDXHGXKH673618,500
3CZRU6H59LM705597,500
7FARW1H51LE016441,500
3GNAXKEV0LS680566,500
2GNAXHEV7L6275788,500
1ZVBP8CU3D5273828,500
WA1YD64B94N050534,500
JM3KFBAYXL0851323,500
3GNAXKEV5LS582519,500
5NPD84LF9JH254070,500
3HGGK5H87LM709494,500
JM3KFBDM7L1841643,500
1HGCV1F17LA105879,500
JTHCM1D25H5021653,500
3GNCJLSB0LL279720,500
1GCRWCEDXLZ365157,500
4JGDA7FB2HA958493,500
1HGCV1F10KA093573,500
2C3CDXBG5LH108039,500
1FM5K7BH0HGD10031,500
3VV3B7AXXKM144488,500
MAJ6S3JL4LC318873,500
1GTR8CEKXLZ173326,500
1FMJK2AT4LEA55220,500
1GYS3BKJ2KR281440,500
1FTFW1RGXKFD38441,500
3C4PDCAB4LT259408,500
JM3KFACM1L0861517,500
WBA73AK0XL7F88848,500
2CNALDEW3A6344040,500
1FMJU1JT6KEA36445,500
JN1AZ4EH3KM420172,500
1GHDX03E81D291565,500
1FTSS34L68DA55016,500
1C6RRFFG4LN305536,500
7FARW1H82LE014191,500
1C4HJXFN6LW339200,500
2GNAXTEX9J6282775,500
1FMSK7DH7LGC75688,500
JA4MT31R91P056917,500
5GAKRBKD1HJ130242,500
1GKKNKLA1LZ235375,500
5NPD84LF8JH235042,500
JHMGD386X8S036452,500
WA1DECF34L1119314,500
5TDZK23C28S145732,500
3VWCB7BU0LM009988,500
5N1AT2MTXLC703504,500
1C6RR7LG6HS870437,500
YV4102DLXM1676537,500
1G6DN5RK1L0122670,500
5NPE24AF5HH535558,500
1C4RJEAG2LC430404,500
1G1ZB5ST6LF149299,500
KM8J3CA42MU293506,500
JN8AT2MV1HW017450,500
4JGBF7BE0AA569205,500
4S3GKAD69K3608226,500
5TFCZ5AN7HX117586,500
5N1DR2MM3KC626378,500
2GCEC19V1Y1150054,500
JTMRJREV9JD189741,500
1FTFW1EF1CFC18977,500
2HKRW1H21LH408290,500
1G1YY32G245125154,500
3GNCJKSB3LL327057,500
5XYPG4A5XLG669130,500
1GNSKSKD0MR121389,500
ZACNJABB0LPL68231,500
5TFUY5F15HX627626,500
JN8AS5MT8AW506257,500
3N1AB7AP8KY329169,500
KNDCB3LC3L5375628,500
JN8AZ2NC5K9460962,500
KM8JUCAG3FU104758,500
1FMCU9J9XLUA40601,500
1N6AA1EF4LN511915,500
1N4AL3AP7GC244851,500
1C4NJPBB0GD761446,500
3MW5R1J03L8B42026,500
1FADP3K22EL285745,500
1C6RR7FG7HS631426,500
2HKRW2H9XLH671123,500
3N1AB7AP9JY255209,500
JN1BJ1CP5KW520864,500
KM8J33A21HU481275,500
JTHBK1EG6B2471560,500
1GTU9DED6LZ319588,500
1C6RR6LM3GS376390,500
3GNKBGRSXKS696997,500
5XYPGDA56LG618160,500
1N4BL4CW3LC115479,500
19XFB2F93DE258130,500
3TMLU4EN0AM048075,500
2GNAXKEV5L6252670,500
SALVP2BG1HH199654,500
4S4BSADC4H3351352,500
1VWCN7A33EC113072,500
2C4RDGBG8LR233732,500
3MEHM08Z09R635418,500
3MW5R1J00L8B18508,500
1C4HJXEN8KW586069,500
1C6RREMT6LN238707,500
2C3CDXHG7KH581804,500
7FARW2H50JE016160,500
3CZRU5H33HG708235,500
1C4HJXDG9LW340474,500
JF2GTAPC9MH200931,500
JF1GR89658L826935,500
2C3CDXBG0LH208016,500
1GNSKSKD0MR127211,500
1G1ZB5ST6HF115483,500
SALCK2FX6LH864640,500
SALGS2FV0HA369592,500
KL4MMFSL8LB107851,500
KL7CJNSBXLB349825,500
3N1AB7AP0KY299732,500
1C6SRFFT9LN420955,500
7JR102FL1KG002109,500
2HGFC1F34HH637068,500
JTEBU5JR7L5834941,500
1FTEW1E44LFB63855,500
JF2GTHNC2M8219025,500
1FMCU9H93LUA63157,500
2C4RC1BG1KR583041,500
JTEBU5JR2K5671260,500
1G4G45G39GF196426,500
1FTYE1Y85LKB46004,500
YV4A22PLXJ1193745,500
JM1GL1XY7J1328891,500
1FAHP2KT0FG186677,500
1FMCU0GD1JUB69542,500
2T1BURHEXHC958274,500
1FTEW1CP5LKE77695,500
KNDCM3LD9L5391092,500
1FT8W3DT3FEC23491,500
2C4RC1FG4LR209700,500
KNDPMCAC8H7205839,500
KM8J23A45MU285760,500
3GNCJRSB7LL234566,500
1FTER4FH1LLA35116,500
5FNRL38858B067166,500
1FT7W2B69KEF52063,500
5LMCJ2D91HUL40401,500
3FA6P0HD0LR247395,500
1FT7W2BTXKEG68071,500
1GTW7AFG0L1201847,500
4T1BK1EB8GU224571,500
1G6AX5SS2G0104305,500
JN1BJ1CR9HW141957,500
5XXGT4L30LG384089,500
3VW5T7AU3LM000628,500
WDDNG71XX8A193033,500
5FNRL6H73LB042364,500
4T1M11AK5LU993833,500
ML32A3HJ2FH003533,500
JN8AZ2NE0B9000576,500
KNDPNCAC9L7835441,500
1C6SRFFT1LN416494,500
1G1FB3DS2L0104939,500
3FA6P0CD4KR118016,500
5TFLU4EN8FX113269,500
KL4MMGSL5LB061899,500
1GNSCBKC2HR167672,500
5LMCJ2D93KUL01641,500
1FT8W3BN1LED83658,500
JTMF1RFV5KD011148,500
2LMPJ8KP5LBL18560,500
JN8AT2MT9HW130884,500
2T3W1RFV6LW100201,500
1FMCU0JD9HUD74450,500
3GCUKSEC1FG349022,500
5YFBURHE7FP215570,500
JN8AT2MT3LW033690,500
1GKKNKLA8LZ226026,500
1FTEW1E46LKF07080,500
1FATP8FF1J5119298,500
KNDJ23AU7L7063822,500
JTDKN3DU3F1901178,500
3VWED21C22M445058,500
WDDZF4JB2JA391554,500
3FA6P0HD4FR188436,500
1C4BJWDG5DL515449,500
5UXCX6C06L9D18116,500
5J6RW2H84KA018844,500
1GCGTEEN5K1108022,500
1HGCV1F40JA110543,500
KNDJ23AU9L7731894,500
5J8TC2H65ML003801,500
3GNCJPSBXLL293504,500
1FD7X2B69LED79719,500
JM3KFADM1L0838642,500
1C4HJWEG5FL526477,500
3GTU9DED2LG370540,500
3GCPWCED5LG414627,500
KL8CH6SA5MC700110,500
1C6SRFFT9LN218830,500
JTHBK1GG4G2242329,500
KL4MMGSL8LB040500,500
5GAEVAKWXLJ187990,500
1HGCP36898A006846,500
JC1NFAEK7H0125784,500
WA1AECF33L1115080,500
1FMCU0G69LUA61304,500
3FA6P0G76LR234534,500
5TBBT48102S227685,500
1G1BE5SM9H7178637,500
1FTEW1EP5HFB19574,500
3GNCJLSBXHL249681,500
JTMZFREV2HJ143388,500
1GCGSCENXM1123075,500
1FTEW1C49LKE60324,500
WBSJF0C03LCE37567,500
1FM5K8GT7HGD03855,500
3N1AB7AP7KY214210,500
4S4BTAEC9L3240171,500
4T1B61HK7JU509446,500
1N4BL4CW2LC272159,500
1FMJU2AT7LEA65962,500
1N4AL3AP7JC261155,500
1FTFW1EF3HFA17881,500
3TMCZ5AN3LM314480,500
JTJAARBZ1L2177115,500
19XFC2F76HE027336,500
5YFBURHE2JP815972,500
WDC0G4KBXHF224011,500
1GNSKCKJ2KR140678,500
WMEFJ5DA5GK136549,500
KM8J3CALXKU880718,500
4T1C11AK3LU983278,500
5XYPG4A52LG631987,500
2LMPJ6K98LBL03587,500
1J8HR68T89C546575,500
3GCPWFED2LG414621,500
5J6RW1H20LA013633,500
KM8J3CA27JU760123,500
2GTEK13C681142364,500
1C6SRFFT5LN184787,500
5J6RE3H3XAL027368,500
3C4NJCBB8JT304782,500
ZACCJBDB6HPF96321,500
JF2SJAEC9HH508416,500
2HGFC2F64LH515688,500
3GTU9BED5LG414857,500
2GNAXKEV8K6284107,500
1G1PM5SC4C7236162,500
1C4HJXEG9LW318781,500
1NXBR32E66Z628795,500
WDZPF0CD0KP116546,500
2GNAXKEV8L6267681,500
1GNKRGKD0HJ307978,500
1FMCU0F78DUA39810,500
3GCUKREC7GG220664,500
JM1GL1WY5J1333394,500
JN8AY2NF9K9351675,500
JF2SJAGC7JH442094,500
1G1ZB5ST9LF141925,500
2C4RC1BG7DR780573,500
1FTFW1ET9DKF89769,500
3MZBM1U72GM321892,500
WBAJE7C54KWD53914,500
5XXGT4L39KG299329,500
JN8AZ2NC4J9440720,500
3FA6P0LU1KR210586,500
1C6RRFFG1LN415055,500
3GNAXKEV3LS717187,500
4F2CY9C70AKM02979,500
3FA6P0HD9LR185706,500
JM1BPBAM3K1116551,500
3GNAXKEV5LS731768,500
4T1C11AK0LU327152,500
3KPFL4A70JE195367,500
19XZE4F56ME002805,500
KL4CJESB6KB926071,500
3HGGK5H40LM705266,500
5NPEB4AC8CH356011,500
1G1PC5SB9E7401023,500
3VWC57BU6LM078434,500
5N1DL0MN8LC518189,500
JTEBU5JR5H5415199,500
KL7CJLSB1LB314546,500
1FMCU9J93GUA41496,500
1FMSK7BH3LGC98436,500
1FTYR1YM3KKA41932,500
JF2SKARC0LH591363,500
3C4NJDCB0HT672906,500
3N1CN8EV8LL868470,500
3GCPCREC0JG566783,500
3C6UR5DJ9GG102448,500
JA4AD3A36FZ000876,500
3N1CP5CU3KL525308,500
JTEZU5JR0F5101424,500
1N6AD0ER6KN708370,500
5TDYZ3DC7LS080946,500
1N4BL4BV8LC273986,500
5FNYF5H24MB004564,500
7FARW1H58LE016291,500
1G1BE5SM9J7219824,500
5NMZWDLA2HH052243,500
WP0CF2A78JL195297,500
1GTG6EENXH1190586,500
2GNALCEK6G6187227,500
5J6RW2H25LA014668,500
4JGDF6EE8HA978643,500
1GNSKCKC2LR134138,500
1GKS1AKC2HR115732,500
2T3H1RFV8LW098461,500
5FNRL6H77LB071530,500
JN1BJ1CPXJW104551,500
5J6RW1H92KL003623,500
1G1ZD5ST7LF131274,500
2T3P1RFV1LC137811,500
1G1PE5SB1F7286820,500
KM8J33ALXLU186693,500
1C6RR7GG8LS153265,500
5N1AZ2MS8KN108319,500
5J6RW2H83LL032577,500
4T1F11BK1LU013523,500
JA4AP4AU4LU002432,500
1N6BF0KY6LN809257,500
2C3CDXBG3LH153612,500
3CZRU6H55JG705513,500
1C4RDJAG3DC580233,500
MAJ6S3GL3LC371183,500
3C4PDCGB8JT157890,500
1FADP3F25JL291530,500
5TDKZ3DCXJS906045,500
JTHBK1GG8D2002454,500
KM8J2CA48KU931435,500
1FMJU1LT9LEA42562,500
1FTEW1E51LKD31869,500
KNMAT2MV6GP620091,500
2HGFC1F37HH644550,500
3GKALMEV6LL306168,500
1FT7W2BN8LEE31212,500
1FAHP2F83KG111522,500
1HGCV2F36LA025366,500
1FMJK1HT3LEA27229,500
1HGFA165X8L059066,500
3VWSF71K96M736941,500
5FNYF6H09MB013359,500
3GNAXKEV7LS732646,500
5NPD74LF3HH185230,500
3GKALVEV0LL124505,500
5FNYF4H23EB016541,500
3VV1B7AX7LM159491,500
3CZRU5H31LG700756,500
5FNYF5H36MB006924,500
1C4RJFBG2LC386232,500
KL4CJBSB0JB695942,500
2GNALBEK9E6328198,500
1HGCS1B80BA016438,500
LVY992ML7JP005694,500
KL4MMBS20LB114244,500
1G1ZD5ST0KF106604,500
1HGCR2F51GA080903,500
JTDT4MCEXMJ056334,500
3FA6P0HD2GR202769,500
KL4CJ1SB3HB230107,500
KNDPM3AC8K7554085,500
JTDVPMAEXMJ130516,500
1GYS4CKJ0HR123660,500
1V2TR2CA9MC522289,500
2GNAXXEV6L6106162,500
5N1DR2BN9LC605032,500
JM3KFADL4H0183908,500
JA4AP3AUXBZ021031,500
3GTU2NEC7HG334609,500
2HGFG11657H500600,500
JHMZE2H56AS011576,500
WAUGMAF47LN003842,500
5FNRL5H93GB044553,500
1C6RR7GT6GS396401,500
1FTEW1E4XLFC39031,500
1GT49UEY7LF312265,500
1GKKNNLS2HZ218506,500
1FMJU2AT2LEA51709,500
5FNRL6H77KB108722,500
1FTEW1C53LFB80450,500
5N1AT2MV6LC752474,500
1FTEW1C49LKE39277,500
1FTEW1E43LKF38643,500
ZACNJBC16LPL76085,500
1FMJK2AT7LEA67085,500
MAJ3S2GE2LC336357,500
KM8SR4HF8EU064801,500
1C6SRFFT5LN413582,500
2C3CDZFJ6KH642330,500
1GYKNERS6LZ129530,500
1C4BJWCG9HL729710,500
1FM5K8D81HGB42693,500
5NPE24AF6HH575647,500
WBAJE7C37HG479408,500
3GNAXHEV8LS727152,500
3VV3B7AX3LM160436,500
1G6KB5RS6LU100060,500
JF2SKAJC6LH587510,500
5NPD84LFXKH433669,500
1FTEW1CP6LKE27467,500
W1N0G8DB8LV257610,500
WA1FECF30L1124163,500
1FMJU1MT5LEA63651,500
1GNSCBKC4HR360177,500
3GNKBGRS0KS590008,500
2FMPK4K91GBB03251,500
2C3CDXJG2HH516071,500
4S4BSAFC0J3373450,500
3FA6P0HD6LR254982,500
3FA6P0SU0LR258292,500
WBAVL1C5XEVY10446,500
1FTEW1EG8FFB18206,500
4S4BTACC6L3253107,500
3C63RRPL3LG219663,500
5TFDY5F19LX943894,500
1GNERGKW3LJ296854,500
2FMPK4J9XLBA40873,500
1FTEW1E41KFC04084,500
1GNSCBKC0KR177267,500
KM8J33A43LU261310,500
3VWEB7BU1LM066208,500
2GNALCEK5F1143909,500
19XFC1F30LE021399,500
1G1165S38FU127628,500
5J6RM4H52EL074247,500
5NPEH4J2XLH051485,500
5TDZK3EH3CS060454,500
1C3CDFBH6DD691593,500
WA1LAAF77HD029286,500
KM8SNDHF5EU059602,500
2B3KA53H86H179186,500
1FTEW1CP8LKD66882,500
2T3W1RFV1LC076584,500
KM8K22AA0LU579232,500
2HKRM4H50FH684434,500
WAU43AFD1HN014994,500
3GNDA33P98S562578,500
JF2SJAEC7JH444138,500
KNDPM3AC5M7845856,500
1GYS3BKJ6LR287128,500
3MW5R1J08L8B34388,500
1N4BL4CV1LC153011,500
1FATP8UH7K5170651,500
58AD21B19LU011975,500
KNDJP3A57G7316833,500
1C3CCBBB1DN579592,500
3MVDMBEM7LM136798,500
WBA3T3C51EJ877060,500
4T1J21FB2LU019672,500
KL7CJKSB6LB066126,500
1FAHP2E97FG118280,500
KNDJP3A58K7013424,500
3C4NJDBB5LT239771,500
3GCUKREC7JG570433,500
3N1AB7AP3DL765797,500
3MVDMBDL6LM140270,500
1C4PJMBX0LD630644,500
KM8J23A43KU905695,500
1FTBR2XG2LKA95487,500
2HGFC2E81LH554869,500
1LN6L9NP8H5623937,500
2GNAXUEV2L6189443,500
3KPF24AD7LE262431,500
19XFC2F83LE211540,500
JM1DKFC73J1307990,500
JTMRFREV9HJ709711,500
ZFBNFYB10LP843462,500
3FA6P0HD3HR342055,500
5FNRL6H78LB054168,500
1HGCG567X2A112183,500
WDDWJ6EBXHF549966,500
5UXKR0C33H0V82741,500
KNDMB5C1XM6675242,500
1G1FF1R72L0145455,500
KM8K2CAA9LU552553,500
1FTER4FH2LLA29390,500
2C4RDGBG8HR550014,500
1C6SRFJT5LN416246,500
WA1ANAFY7L2067433,500
1G6DA5RK9L0153743,500
WA1B4AFY9L2029158,500
1G1ZE5ST4HF119930,500
5N1DR2BN9LC623451,500
1G1RC6S59HU161390,500
KL7CJKSB5MB307093,500
3N1AB7AP6HY231220,500
5TDDZ3DC1LS251429,500
2T2ZK1BA3FC183126,500
1FTEX1EP1HFC12315,500
1GCHSBEA4M1124055,500
1GNERGKW9LJ292968,500
1FTEW1CP6LKF01826,500
1FTEW1EF5GKF40191,500
2LMPJ8K91LBL01028,500
JA4AT4AA5JZ044870,500
JM1NDAM78L0415143,500
WBXHU7C38J5H40959,500
1V2TR2CA6MC518667,500
4T1BF1FK8HU302299,500
1G1FB1RS7L0132099,500
KNDJ23AU0M7736936,500
5XXGM4A77FG503943,500
1C4RJFBG4LC359534,500
3VWCB7BU6LM022468,500
2LMPJ8LP5HBL14501,500
3FA6P0HD9LR249663,500
5J8TC1H52LL021995,500
2T3F1RFV1LC118204,500
3FA6P0H77JR278568,500
1HGCM56726A176037,500
1FM5K8D83GGB73376,500
3LNHL2GC2CR821378,500
2GNAXHEV1L6267931,500
1C4HJXDG7LW201900,500
1GYKNDRS2LZ229182,500
5YFS4RCE2LP015733,500
5NPDH4AEXEH462250,500
3GKALMEV6LL302380,500
JTEBU5JR8K5736242,500
2C4RC1BG1LR266670,500
WAUB1GFF3G1047129,500
5NPEB4AC0DH593657,500
1C4RJFCT2HC692706,500
1FTEW1C5XLFC00452,500
1GCRYDED2LZ151702,500
1VWMA7A30LC017428,500
2C4RC1FG1JR198216,500
1GKS2CKJ6HR339383,500
1FTEW1CP1LKF15388,500
1GYKPDRS5LZ152267,500
1N6AD0ER8KN746053,500
WBXHT3C3XH5F76801,500
KL4CJASB9KB843968,500
5TDYK3EH4CS078182,500
4S4WX83DX74404277,500
4T1E31AK1LU536239,500
ZASPAKBN9L7C76891,500
5J8TC1H5XLL017712,500
2C4RDGCG0JR346540,500
5TDJZRFH7JS822899,500
3D7KS28A27G801567,500
1FTEW1E48LKF09753,500
YV140MTL7H2434540,500
1FMCU0G64LUC21735,500
1HGCV2F97KA017165,500
3N1AB7AP9KY322313,500
2T1KU40E59C092211,500
MAJ6S3FL5KC269884,500
1FAHP3HN0AW232859,500
MAJ6S3GL8LC362401,500
ZFBHRFAB2L6S00216,500
2T3WFREV6HW396850,500
58ABZ1B15KU037099,500
JF2SKAGC1LH610747,500
3GNAXUEV4LL313238,500
5XXGT4L31LG388734,500
1GB3GSCG0H1102017,500
2C4RC1CG2LR129641,500
1FTEW1E50JKF02947,500
1N6BD0CT8JN719307,500
2T2GA31U86C047978,500
3GTU2VEC6FG223918,500
5XYPG4A58LG692907,500
KL8CB6SA8KC711326,500
5FNYF5H1XMB005208,500
1FTEW1E51KFA20367,500
1G1FE1R74L0147162,500
5FPYK3F81KB026288,500
1GKS2JKJ7FR161128,500
2FMHK6DT1KBA16841,500
5TDGZRAH0LS510136,500
2FMDK3JC1DBC73096,500
LRBFXBSA5LD208684,500
1FTEW1EP0HFB28067,500
1GCGTCEN0M1111272,500
2T3WFREV8JW468072,500
WDCTG4GB6HJ318454,500
MAJ6S3KL7LC358184,500
YV4A22PK1G1035486,500
1FMJU1HT5LEA69282,500
1N4BL4CV9LC273378,500
1GCGTDEN6M1107488,500
5N1AZ2ASXLN165935,500
1G6YV34A555603015,500
5GAKRBKD7GJ174034,500
5J6RW2H5XLL029102,500
MAJ6S3GL2LC363074,500
1G1FH3D71L0146755,500
1GKKNXLS1LZ228299,500
KL79MRSL8MB032175,500
1FA6P8CF1L5150572,500
JN8AZ2NE3K9234288,500
KMHD84LF6LU099353,500
5GAERBKW7KJ184103,500
3GNCJKSB6LL295026,500
19XFC1F38LE019397,500
4S3BL616287214772,500
WP0AC2A93FS183718,500
5YFBURHE9KP923412,500
3GNCJKSB9LL307167,500
JM3KFACM6L1824795,500
JN1BJ1CV8LW271928,500
1FTER4FH2LLA24383,500
1G11Z5S37KU129727,500
KMHTG6AF4LU024616,500
4T1C11AK1LU998698,500
3KPFL4A71JE242678,500
4T1C11AK9LU383056,500
1G6DX5RK2L0134787,500
1GYKPDRS4LZ127974,500
1C4RJFBG5LC389514,500
2FMPK4K91LBA00731,500
4T3BK3BB2FU110863,500
3GKALPEV5LL336070,500
1C6SRFET9KN733567,500
3GNCJLSBXLL279580,500
JM3KFBCM3L1819415,500
KM8K62AA5MU601215,500
2HKRM4H59GH680142,500
1C4PJMDX9LD641395,500
1HGCV1F42LA112944,500
4T1C31AK8LU017065,500
5J8YD4H3XLL041933,500
1J4FA49S11P314231,500
3C4PDCGG8KT783016,500
5XYPHDA1XHG278366,500
19UUA9F22AA008920,500
KM8J33A46HU452548,500
3FA6P0HD8HR247961,500
5N1DL0MN7LC537090,500
LVY982AK7JP020176,500
1C4HJXDN1KW588621,500
2FMGK5D80JBA09766,500
1C6RR7PT9JS203441,500
1HGFA16579L029069,500
W1W4EBVY8LT030464,500
3FA6P0HD7LR145625,500
LRBFXCSAXLD033547,500
3N1CN8DVXLL901955,500
5XYZT3LB6JG531373,500
KMHD74LF9LU105987,500
2C4RDGBG9LR184069,500
LRBFX2SA2LD178852,500
JF1GV7E68EG003500,500
2FMPK4J93GBC65240,500
2C4RC1BG3LR223531,500
W1W4EBHY6LT030054,500
JM1DKBD70G0116095,500
2GCVKMEC9K1167202,500
WBA7E2C54HG740525,500
5XXGW4L28HG125078,500
3G1BE6SM0JS641844,500
3PCAJ5M10LF117245,500
5FRYD3H59HB014046,500
5TFCZ5AN8JX164146,500
19XFB2F87DE273625,500
2HGFG3B55CH514217,500
5FNRL6H71LB066789,500
3N1CN8DV6LL905548,500
1G1ZB5ST9LF156375,500
5GAKVCKD1HJ322469,500
5FNYF5H58MB006215,500
WDDGF8BB3AF424044,500
1GKS2DKL8MR104825,500
WBA73AK0XL7F94505,500
19XFC2F86LE208776,500
1FTEW1CP7LKE40499,500
5FPYK3F59KB028683,500
MAJ3S2GE0LC348054,500
3KPF24AD5LE204933,500
4T3D6RFV7LU002349,500
1HGCV3F96LA011901,500
5NPD84LF3KH428930,500
3N1CN7APXKL835034,500
1N4AL2AP8AN557946,500
JF2GTADC0JH337482,500
SADCL2GX6LA628523,500
1G8AJ55F06Z206770,500
5S3ET13S182801515,500
KNMAT2MT6JP604768,500
NM0LS7E25L1472457,500
WA1LAAF7XHD016631,500
KMHD04LB6LU068950,500
JTDKBRFU0G3013194,500
MAJ6S3KL3LC341110,500
5NPD84LF6KH413743,500
3LNDL2L33CR820311,500
JN8AT2MT7JW456351,500
JF2SH63669H755576,500
1FADP3F20EL252091,500
1G1ZD5ST1KF213015,500
3LN6L5LU1HR600918,500
1C6RR7VT2FS585113,500
ZARFANBN9K7611545,500
SALYK2EX2LA275813,500
KMHDU4AD3AU977587,500
2G4GN5EX0E9223327,500
JTEBU5JR3H5423480,500
1FMCU0G66LUB89256,500
5J8TC2H58ML004979,500
1GYKNGRS2LZ228812,500
3C4PDCAB7LT218917,500
3GKALPEV9LL324326,500
1GCVKREH2HZ393655,500
1GCPKPEX0AZ181282,500
1C4RJFBG9EC150745,500
1C6SRFJT4KN528597,500
WVGBV7AX0HK017388,500
4T1B11HK0KU719807,500
3VW6T7AU4LM003736,500
1FTKR1ED5APA15764,500
1N4AL3AP6FC448149,500
5N1AT2MT6JC720412,500
3C4PDCBBXGT108206,500
MAJ3S2GE3LC342376,500
1N6AD0ER2KN730219,500
1FTEW1E43LFC33619,500
WBXJG9C08L3L81781,500
1FM5K8D86HGC13063,500
JF1VA1A60J9802322,500
KL7CJLSB5KB818631,500
JN8AT2MV2LW119655,500
1FTEW1EP1JFC83023,500
3GTEK23359G259822,500
1FADP3F26JL301854,500
1C4HJXFG2LW333959,500
2HGFC2F81LH563683,500
1FADP3F25JL329046,500
3GNKBBRA4LS555130,500
1C4HJXDN0LW267137,500
2G1WA5E38C1158000,500
1FTEW1E49LKE95071,500
1FTEW1CF8HFB05985,500
1G1BE5SM4H7266088,500
3C4NJDCBXJT365331,500
KMHH35LE0KU098761,500
KM8J3CA44LU133545,500
3N1CC11E39L468389,500
KNMAT2MV3HP599976,500
2HKRM3H70FH545156,500
3GYFK66N45G116132,500
1C6SRFJT5LN347624,500
YV4A22RL5L1589100,500
1GC5YME7XLF321461,500
2GNAXUEV4K6112345,500
3GCUYDET7LG444044,500
19XFB2F58CE008636,500
5NPE24AF4JH601703,500
JTHBJ46G282216349,500
3GTP9AEH0LG434590,500
3GKALPEV9KL174037,500
7FARW2H56JE019189,500
1J4FF28B49D211535,500
3C4NJCBBXMT505121,500
1V26E2CA5LC212812,500
1GCFH154691131896,500
3VV3B7AX9JM069197,500
3KPF34AD6LE153536,500
WDBTJ56J46F198481,500
19XFC2F5XJE207651,500
1C6JJTBG9LL138949,500
JTDS4MCE1MJ055830,500
1GT49RE72LF323467,500
3KPF24AD5LE251816,500
3C4NJDBB8KT713579,500
5J8YD3H88LL007902,500
3FA6P0MU7KR123645,500
1FMJK1G54CEF13826,500
5YFBURHE0KP931611,500
1FTEW1C48LFB97784,500
JTJHF10U220260555,500
2HGFB2F53DH545955,500
1C4PJLLB4LD624407,500
1GTG6FEN8M1120763,500
WDDHF8HB6AA231590,500
1G1ZH5SX1HF188780,500
1D7RV1GP5BS652109,500
1G1BC5SM6H7144984,500
WBXYH9C03L5R77266,500
1C6RRFFG4KN799234,500
1FTEW1E44LKD86114,500
1GYS4NKJ3FR649029,500
1G6DA5RK0L0144865,500
WDDZH6GB3HA165322,500
3G1BE6SM5HS578766,500
5N1AZ2CSXLN140918,500
3C4NJCBB9LT236480,500
7FART6H98LE017899,500
1GYKPDRSXLZ149090,500
1C4RJFBT4CC159993,500
WBA4J3C54JBB97543,500
3FA6P0D90ER289957,500
1N4BZ1CP3LC302369,500
1FTEW1CP3JKC95880,500
JF1ZCAC19K9601663,500
3GCUKREC6GG162451,500
4T1BF1FK7FU963853,500
KM8K53A55LU543892,500
1N4BL4CV0LC273575,500
19XZE4F53ME000378,500
3GNCJNSB5LL202403,500
3N1CP5DV5LL505859,500
4S3BWAG67L3029554,500
3C4PDDGG0JT386744,500
3GNAXKEVXLL326970,500
3G1BE6SM2HS615871,500
1FMJU1KT9KEA08945,500
1FMCU0GD0HUD09932,500
3N1CP5CV2LL528274,500
4T1F31AK0LU016795,500
1GNSKPKD8MR117555,500
4T1L11AK9LU992857,500
3GKALTEV5JL379412,500
1C4HJXEN2JW202303,500
3GTP8CEKXLG398398,500
5XXGN4A77FG515989,500
JM3KFBBL6H0125405,500
1FTEW1EFXFKD89542,500
3FA6P0RU0KR273217,500
JF2GTHSC3MH231110,500
1G1ZG5ST0LF158291,500
2HGFC2F82LH556645,500
1HGCR2F11HA006525,500
3FA6P0G71LR135538,500
5TDBZRFH6HS435095,500
JM3KFADM3L0785605,500
4T1M11AK6LU963210,500
5N1AZ2AS4LN123454,500
5XXGT4L39GG083827,500
JM1BL1SG8A1131382,500
KL4MMBS2XLB134033,500
1GNEVKKW7LJ303478,500
5NPE24AFXKH787569,500
KM8K3CA58MU608838,500
1GC4YRE73LF101829,500
1GNSKSKD2MR134693,500
1C6SRFJTXKN781391,500
3HGGK5G43KM712213,500
KL7CJKSB9LB321805,500
1FTNF1C40LKF08499,500
5TDKK3DCXFS584308,500
WDDWF4KB7GR139486,500
1N4BL4BV8LC254841,500
JM1BL1L71D1735486,500
1N4BZ1CPXKC320608,500
KL7CJKSB7LB041509,500
3VWCB7BU6LM055518,500
5TDEZ3DC0LS247859,500
4S4BTACCXL3257208,500
5XYKTCA66CG227132,500
2FMPK4J95LBA02273,500
5FNYF6H31MB019845,500
1GNSCHKC8LR301225,500
4T1BG22K9XU432888,500
2C3CDXJG7HH505597,500
1GYKNAR46LZ234501,500
5TFDW5F11KX864790,500
2T3YF4DVXCW134898,500
2C3CDXHG1LH202796,500
2HGFC2F85LH540469,500
1GAZGPFF7H1297337,500
JM1GJ1W60F1165076,500
1N4BL4EV8KC190097,500
2C4RC1BG9GR248035,500
LYV102RK4JB118268,500
KNDPM3AC2M7857608,500
JTEZU5JR7E5081803,500
WAUGMAF47LA073493,500
1FMJU1JT8LEA52132,500
3GCPKSE37BG314248,500
3GKALXEX5LL322011,500
2HKRM4H76CH604244,500
1G2HZ5419Y4190513,500
1C4RJFBG3EC379275,500
3VWB67AJ2HM226599,500
1C6SRFFT2LN394117,500
3N1AB7AP8KY280474,500
JTDKN3DU0F1929715,500
1FMJU1JT5LEA62519,500
3GNAL3EK3FS519107,500
3GNAXSEV2JL118952,500
WBAJE7C31HG888682,500
5NPE24AF8KH740234,500
3N1CP5CV9LL529132,500
1G6KB5RSXLU107089,500
1FTEW1CP3LKE93121,500
1HGCV2F3XLA026391,500
1GKKNKLA7LZ207547,500
1G4ZR5SS9KU114675,500
MAJ3S2GE8LC342549,500
5FNRL6H99LB013663,500
5N1AZ2MH4HN167364,500
3N1AB6AP2BL710703,500
ZFBHRFAB5L6R45204,500
3N1AB7AP5HY231287,500
1G1PC5SH0G7159780,500
2G1WA5E31E1170590,500
5N1AZ2CJXLN170203,500
1C4HJXDN6JW206033,500
2T2BZMCA4KC208154,500
JN8AF5MR5DT217545,500
3GNKBBRA8KS702354,500
JTHBE1D2XH5031071,500
5GAEVAKWXLJ209888,500
2G1WF52E759234589,500
JTDKN3DU9F0413309,500
1GKUKEEF0AR205325,500
JHMCR6F53HC025864,500
1GYKNDR49LZ218651,500
1C6RR7GTXGS293935,500
YV126MFL8H2435049,500
1FMCU9H61LUB53591,500
3TMMU4FN0BM034567,500
1GTDT149488147491,500
3KPF24AD4LE248681,500
JTNKARJE4JJ558445,500
1FTEW1EP9LFC65100,500
5NPE34AF0HH455369,500
3FA6P0HD4LR246704,500
5NPEC4AC0DH641851,500
KL7CJKSB4LB322215,500
1C4RDJDG3KC780456,500
5XYPGDA3XLG665593,500
1FTEW1E40LFB76781,500
4T1BF1FK3HU786768,500
JTDEAMDE6MJ011438,500
1GYKPGRS1LZ100622,500
WAULC68E53A188131,500
KL8CB6SAXMC702999,500
1GKS2CKJ7FR227138,500
5LMCJ1C92LUL24910,500
JTDEPRAE8LJ046044,500
ZAM57RSA0G1175554,500
3GCUYEED7LG385348,500
JN8AS1MW5AM852197,500
3GNAXKEV7LS721954,500
3LN6L5F92LR619333,500
2HKRW2H87LH629340,500
1C6SRFBT8KN822356,500
1G1ZB5E04CF230416,500
KL8CH6SA1LC471343,500
1FMSK7DH1LGC96486,500
1FAHP2F85JG109429,500
1FTER4FH4LLA41444,500
1FMSK8FH4LGA30348,500
3GCUYHEL6LG358599,500
1GAZGPFGXK1251730,500
5J8YD4H38LL038710,500
5FNYF6H05MB003346,500
5NMS53AA5LH214117,500
KMHD84LF3JU580061,500
KMHCT4AE9GU071931,500
5TDYZRAH0LS027721,500
1FTEW1E40LFB14782,500
3C4NJDDB6KT624462,500
1GKLRKED8AJ181827,500
1FMJU1KT7LEA62004,500
1G1BC5SM7G7234644,500
KL79MNSL7MB030006,500
1C6RR7FTXGS316826,500
3CZRU6H17LM720709,500
3GNCJLSB8LL309997,500
LVYA22MT4LP143181,500
5GTDN13E878212407,500
4T3R6RFV1LU001669,500
5XXGU4L34GG118237,500
WBAWC33547PD07229,500
1FD8X3HN8LEC75635,500
3PCAJ5M36LF121673,500
MAJ3S2GE6LC331162,500
3GNKBKRS6LS727103,500
5FPYK3F74LB011678,500
1GC0WLE78LF298790,500
WA1ECCFS6HR011514,500
1GKKRPKD7GJ196115,500
1FM5K7F85GGC81828,500
1FTEW1EG4GFC95384,500
5XYPGDA58LG697430,500
1G1BF5SM1H7148240,500
1FTEW1C58JKE39258,500
1C6SRFFT1LN407889,500
KM8J2CA42KU891417,500
1FTER1EH3KLA10135,500
3N1AB7APXKY437695,500
2HGFC2F67LH504314,500
3FA6P0LU1LR265766,500
3HGGK5H47JM716312,500
LRBFX1SA6LD120365,500
1GNSKHKC1LR227164,500
5TDDKRFH6FS107623,500
1GNSKBKCXFR606441,500
1FMJK1KT7KEA50231,500
JTDEAMDE3MJ004396,500
1N4AA6AP5HC444894,500
1G1ZD5ST1LF044258,500
5NPEL4JA9LH030973,500
JM1BL1V74C1676218,500
1C4HJXFG4LW314815,500
5FNYF6H29MB004582,500
LRBFXBSA0LD183922,500
1GKS2AKC1HR319919,500
1FTEW1E43LFC19512,500
JTEBU5JR0D5119503,500
WMWXM5C54F3A04891,500
WDDUG8DB0LA525314,500
KMHD74LF8LU105804,500
1FTER4FH7KLB08097,500
JTJHZKFA2L2022432,500
5FNRL5H68HB023043,500
KL7CJLSBXFB117203,500
1G1ZB5STXLF145580,500
1C6RR7MT7ES407889,500
4T1C11BK4LU008108,500
1C6SRFJT0LN417756,500
1C6RR7GG3LS130556,500
3GNCJNSB0GL263471,500
KL4MMBS28LB131034,500
2T3J1RFV2LC126001,500
JNKCV51E93M021642,500
2T3ZFREV6JW450893,500
19UUA9F57CA002608,500
3MYDLBJV4LY701005,500
2HKRW2H23LH644798,500
2HKRM4H77FH611577,500
JTDKARFU8L3122063,500
5N1DR2BM8LC581930,500
MAJ3S2GE1LC362612,500
JTEBU5JR3K5679576,500
1C4PJMLX8LD558185,500
1G6DS5E35C0126227,500
3HGGK5H42LM727463,500
WVWKC71KX8W067285,500
1FM5K8D88JGA18376,500
2T3RFREV3JW821993,500
5NPE24AF4KH749884,500
1FMSK8DH9LGC25011,500
1GYKPCRS8LZ219289,500
3FA6P0G78LR103721,500
3GKALMEV5LL286995,500
ZN661XUA5LX355078,500
1C6RREFG9LN107982,500
W1N0G8EB0LF841900,500
1FMCU0H61LUB47141,500
1FTEW1E4XLFA92550,500
WA1C2AFP5HA050961,500
1FTFW1ET4CFB22816,500
1GAZGPFGXJ1332144,500
3C6TRVDG2GE109303,500
4T1DZ1FB8LU055133,500
3GNAXKEV8LS732073,500
YV4A22RL0M1686173,500
1C4PJLCB7LD606029,500
3GNAXLEX7KS524790,500
1GNERGKW7LJ256549,500
LRBFX3SX4LD183934,500
2A4RR5D17AR241228,500
5FNYF6H29MB006705,500
5UXCR6C00L9D65975,500
KM8J3CAL8LU281611,500
WDDWJ8DBXKF854470,500
JA4AZ3A35KZ047215,500
3GNKBKRS1LS719412,500
3C6TRVNG2LE132511,500
3C4PDCBB6KT756330,500
1N4AA5APXCC869983,500
WA1LGAFE2BD005868,500
5N1AR1NN5CC616991,500
5J6RE3H75AL033632,500
1FTEW1E48LKD38325,500
JF2GTAMC2L8276641,500
5N1DL0MM2LC500617,500
5J6RW1H55LA015761,500
2HKRW1H25LH402850,500
3VV1B7AX6LM168179,500
1FMCU0GD4KUB29635,500
2FMGK5C88KBA10375,500
3CZRU5H32LM713047,500
3MVDMABL5LM109833,500
3GNCJLSBXJL349558,500
4S4BSAHC9J3216514,500
1C4PJLCB1JD621039,500
1GKKNSLA0HZ200723,500
3C4PDCGB7LT250595,500
1C4RJFLG8LC334229,500
3GNCJLSB2HL273750,500
1G6AX5SS3H0171951,500
4T1B61HK6JU006667,500
1GCGSCEN0M1127801,500
3GTP2VE32BG312442,500
1G1PC5SB8E7234752,500
JN8AT2MT8LW001706,500
2HKRW1H50LH416939,500
3VV1B7AX9LM165583,500
5TDKZ3DC6LS078613,500
3GNCJKSB6LL306591,500
3LN6L5LU1LR620725,500
1N4BL4BV0LC144737,500
3N1AB8CV9LY251424,500
KL4CJASB5LB001386,500
WMWXP5C34H3C64099,500
JN8AZ18U49W016952,500
3TMAZ5CN2HM032021,500
2HGFC3A57LH753734,500
1FTER4FH0LLA19473,500
1N4AA6AP0HC406957,500
3GNCJPSB1LL215371,500
1J8GR48K17C543408,500
1G11Z5S31LU114870,500
5XXGT4L33LG382739,500
1C4SDHCT4LC381422,500
3LN6L5F92HR612776,500
1GNKVHKD9HJ233770,500
JM3TCADYXL0401982,500
1GCGTCEN0M1113474,500
3VWCB7BU1LM062358,500
1HGCV1F15LA054866,500
5TDDZRBH9LS033773,500
58ABK1GG2JU096238,500
1C4NJRFB4HD110182,500
5N1AZ2BJ0LN130178,500
JTHBF30G420048723,500
3GNAXHEVXLS676883,500
3KPF24AD0LE257149,500
1C4PJLCB7LD619010,500
JTHBW1GG1D2029533,500
1GKKNKLA1LZ231634,500
WDCGG8JB2EG309955,500
3N1AB7AP8KY284217,500
4GLDV13L95D288551,500
5XYPG4A56LG692890,500
1FMCU9G68LUB94320,500
5TDBZRFH7HS390295,500
1G1ZE5STXHF277012,500
5FNYF6H24MB006255,500
3VWD17AJ9GM339309,500
3GNCJLSB8LL227901,500
4S3BWGP66L3029032,500
1G1FA1RS7L0143462,500
4S4BRCLC3B3351973,500
3GTU2PEJ6JG550175,500
1G1JB5SB2L4136615,500
7FARW2H56LE016652,500
3G1BE6SM1JS621439,500
1HGCV1F15LA120073,500
SALGS2SE5LA597845,500
JN8AY2ND9K9091177,500
1FMCU0HD2JUB95324,500
KL7CJKSB1LB354295,500
1GYKNGRS8LZ147071,500
W1Y4EBHY9LT026961,500
1C4RJEAG6DC533990,500
2FMDK38C27BB34637,500
1C4RJFAG9LC326787,500
1GNKRGKD4FJ149724,500
3N1AB7AP1JY259285,500
1GCGSBEN8K1234666,500
2C4RC1EG1KR528603,500
2GCVKMEC4K1245434,500
1N4BL4CV9LC229042,500
1FTFW1E42LFA00030,500
1FMCU0G61LUA97634,500
5J8YD4H51LL039957,500
1FMSK8BH3LGC24696,500
NMTKHMBX0JR000743,500
5XYPGDA51HG337262,500
2G11Z5S32K9114002,500
3GCUYDED9LG381957,500
1FADP3L92HL228137,500
1FTEW1EF9GKD37403,500
3CZRU6H56KM721528,500
5FNRL6H76LB064570,500
3N1CP5BV3LL532500,500
1C4HJXFN5MW500928,500
4S4BSAKC6J3212977,500
1FTEW1E55LKE70967,500
5LMTJ2AH4FUJ26009,500
1N4BL4BV3KC223866,500
3CZRU6H79LM731540,500
5FNYF8H96LB011917,500
4S4BSAKC6J3307927,500
1C4PJMDX6LD646635,500
3N1CN7AP4KL840732,500
3GNAXHEV1LS699257,500
5FNYF6H54JB044641,500
W1KZF6JB0LA802352,500
5FNRL6H76LB042777,500
4T1J11BK5LU004155,500
2T1BURHE4FC407772,500
1FA6P8CF6L5167576,500
1FTEW1EP8LFC32363,500
WP0AB2A91KS115477,500
1FTEW1E43LFA84452,500
1G1PB5SH0D7181213,500
2GNAXTEX9J6188010,500
1FATP8FF1L5135925,500
1C4HJXFN2LW325570,500
3GTP8CEK0LG359920,500
2FMPK4J86GBB07661,500
1FMJU1KT9GEF02200,500
JN8AT2MT2LW036015,500
1N6BD0CT9JN727450,500
1FM5K8BH7HGC59469,500
4S4BTACC3L3270186,500
1C4NJDEB7HD139776,500
KM8J33AL2MU289169,500
1HGCV1F11LA032086,500
2HKRW2H25LH631406,500
KM8SR4HF2HU191712,500
ZFF68NHA7E0200282,500
5FNRL6H79LB072792,500
1J4GA59118L610210,500
3N1AB6AP2CL711240,500
1C6RR7GGXLS140985,500
1FMSK8DH8LGB83205,500
2HGFC2F67LH573665,500
KL4CJESB1LB054898,500
3GCPKTE72DG110680,500
1FMCU0G60LUC02891,500
JN8AY2NE7L9780452,500
3FA6P0HD5LR249868,500
JF2SKAXC4LH518399,500
3C63R3GLXLG177456,500
SAJDF5GX3MCK69955,500
1FTEW1E52LKF02709,500
1HGCR3F85GA015505,500
19XFC2F55HE040349,500
1C4RJFAG2LC413849,500
ML32F3FJ9LHF05801,500
KM8K22AA5MU616454,500
4T1BF1FK8HU736691,500
1FTEX1EP0LKE73094,500
1FTEW1E43LFC54986,500
2T2HZMDA3LC244847,500
ZAM57RTA8F1130049,500
1C4PJMBB4JD617901,500
5FNYF4H21DB071732,500
5LMCJ1C95LUL07678,500
1GNSKKE75ER148580,500
1FTEX1EPXGFB06749,500
3FA6P0LU5LR156596,500
5YFBURHE8FP359614,500
3C6UR5FL0FG524539,500
JTNKARJE4GJ511697,500
1G1BE5SM3J7100960,500
2T2YZMDA8LC255665,500
5XXGT4L36LG414082,500
5FNRL5H49EB097582,500
WP0AB2A95LS225434,500
1G1JC5SH3F4141571,500
5TDFZRBH1LS051256,500
JTHCE1BL1D5011270,500
1G1JD5SB9L4104075,500
2C4RDGEG7KR692812,500
5TDHZRBH4LS027431,500
KM8J23A48MU295425,500
1G1ZD5ST9LF149713,500
1C4RDJAG5DC680981,500
1GKKNMLS5LZ209592,500
1GYFK63867R156892,500
1N4BL4DW0LC259182,500
19XFC2F5XGE069165,500
W1N0G8DB9LF850984,500
3VWCB7BU3LM063060,500
5TDJZRFH7HS414896,500
3GNCJPSB8LL180103,500
4T1BF1FK0HU723403,500
5YFT4MCE4MP058415,500
4T1C11AK9LU381971,500
JTNKHMBX2L1089311,500
JF2SKADC1LH589449,500
5TDGZRAH8LS511146,500
3C4NJDBB0LT197249,500
3GNAXHEV4LS731408,500
3FA6P0CD3KR141805,500
4A4AP4AU5EE015587,500
KL79MMS21MB033582,500
3N1AB8CV1LY265642,500
JTJYARBZ6K2134564,500
1FMCU9H69LUA38964,500
2HKRW2H5XLH660328,500
1GYUKCEF3AR168748,500
KM8J33A22HU274054,500
3GKALPEV4LL334777,500
1FM5K7D85HGA57995,500
KNDPRCA65M7852947,500
KL4MMDS27LB083635,500
1C4PJMBX3LD627463,500
5N1AT2MV5EC782827,500
5FNRL5H60CB090633,500
1C4PJMLBXLD644165,500
3N1CN8BV5LL904605,500
1FM5K8HC3LGD04234,500
WBXHT3C31H5F80624,500
5YFS4RCE6LP044832,500
7FARW1H87LE018799,500
1FMCU0G64LUA71254,500
3GTU2NEC6HG142209,500
3FA6P0H71GR225146,500
1G1PA5SG8E7190379,500
1FMCU9BZ6LUB13851,500
5FNYF5H36GB024943,500
5J8YD4H35JL015804,500
2C4RDGCG5KR610949,500
WDDWF4KB4HR232533,500
KNAFX4A63G5477063,500
KNMAT2MV6HP516783,500
WDDUG6EB2LA526354,500
3C6UR5CL9LG150996,500
1FTEW1E43LFC31837,500
JTNKHMBXXL1090514,500
5NMS33AA7LH263793,500
2LMPJ6K96LBL21215,500
3N1AB7AP1HY335761,500
JN1EV7EK9LM340676,500
JF2SJAGC0EH411694,500
4S4BRBJCXC3209036,500
1FMCU0F64LUB61263,500
2C3CCAAGXCH104442,500
2C4RC1BGXKR597276,500
1N4BL4BV1LC264515,500
3VV3B7AX2LM072512,500
5LMCJ2DH2LUL17581,500
4T1C31AK7LU015839,500
3GNKBBRAXLS594563,500
3FA6P0D92KR206878,500
3N1CP5CU7KL470426,500
KM8SR4HF8HU168256,500
1GYKPGRS0LZ161315,500
1G1ZE5ST6HF227675,500
1G1FY6S04L4129030,500
3GNKBLRS1LS586737,500
5XXGM4A72FG437589,500
1N6AA1EF2LN505126,500
3D7UT2HL0BG616286,500
3C6MR5AJ4LG129944,500
3GCPWCED1LG357956,500
JN1EV7AP0LM203420,500
5GADV231X7D114661,500
1GYFZER4XLF141057,500
1GNERKKW8LJ126895,500
JN8AZ1MW6CW201826,500
JNKCV54E16M712292,500
WP0AF2A91GS195326,500
1N4BL4BWXLN318021,500
1C4BJWEG4FL675579,500
5LMJJ3LT9LEL10219,500
SALWR2VF6GA631311,500
1GKKNPLS3HZ145755,500
ZAM57XSA0K1311193,500
1FAHP2F83KG118258,500
3GTU2NEC9GG244988,500
1C4RJEAG0LC392249,500
3C4PDCAB6LT249656,500
5NPEC4AB7BH315677,500
1HGCV1F42LA079248,500
1G4ZU5SS5JU145189,500
ZFF82WNA9J0234335,500
2T1BURHE1KC165159,500
3GKALSEX5LL250665,500
55SWF4JB5HU203946,500
1FMSK7FH6LGC40802,500
5XYPG4A53LG686318,500
1FTMF1CBXLKE93178,500
SJKCH5CP0HA033031,500
1FM5K8D86FGC55830,500
3FADP4BJ7DM222800,500
JM3KFACM0L0723418,500
W1KUG8DB5LA554713,500
4T1L11AK1LU943135,500
4S3BWAN65L3030060,500
1FTER4FH4LLA54985,500
2C3CDXBG8LH101828,500
1GYFZER46LF138866,500
1J8GP28K98W284497,500
3C6TR5CT6GG330843,500
19XFC2F65LE203213,500
W1NYC6BJ7LX341855,500
5N1AZ2DS5LN108716,500
1GNEVHKW0LJ175863,500
3PCAJ5M37KF104797,500
1FTEW1EP8LFA82352,500
1GYS4DKJXHR328764,500
1N4BL4CV0LC256355,500
1C4RJEBG1LC295429,500
1FAHP35N48W222270,500
3GCUYEEDXLG346995,500
1FTER4FH0LLA60279,500
1C4PJLDB0LD615055,500
5FNRL6H7XLB063194,500
5FNYF6H68JB006936,500
JTDEPMAEXMJ134016,500
3PCAJ5M18LF116473,500
YV4102PK0L1616901,500
JTDEPMAE0MJ118102,500
5YFBURHE1JP802713,500
5N1AT2MT9LC793275,500
2C3CDZFJ3LH205998,500
1C4RJFAG6LC390866,500
1FMSK7DH0LGC07037,500
2C3CDXEJ8GH129674,500
19UYA2252WL007433,500
1GNKVJKD9FJ320802,500
1FTFW1ET0EFC67662,500
2HKRW1H21LH414252,500
4T1C11AK1LU371404,500
1G1ZB5ST8LF152561,500
3C3CFFAR2FT625267,500
1GKKVNED5GJ323228,500
1HGCR2F80EA290917,500
LRBFXCSA3LD063599,500
2C3CDZJGXLH191349,500
JHMCR6F70HC024642,500
5FNYF6H24MB008412,500
1V26E2CA0LC225578,500
2T2BZMCA0HC106715,500
1GKKNWLS8HZ295421,500
2GNAXHEV4L6162459,500
JTNB11HK9J3023600,500
2LMTJ8LR4GBL40442,500
2G1WT58K189249910,500
KNAFK4A63F5337706,500
3GNCJKSB8LL326423,500
KM8J3CAL3LU240271,500
1G11Z5SA3KU138181,500
KL4CJGSMXKB952928,500
1G1ZD5ST3JF124187,500
3GCUYHELXLG437273,500
3GTP8DED5LG387669,500
3VWCB7BUXLM076081,500
WMWWG9C34H3C81939,500
5N1DL0MN2KC534239,500
2HGFB2F90CH319101,500
KNDPNCAC0M7861007,500
4S4BTANC9L3257455,500
1FM5K7D89HGC88589,500
5TDBBRCH9LS500622,500
WA1E2AFY9L2063829,500
1FTFW1RG9LFC05042,500
5N1AT2MV0EC813790,500
SJKCH5CR9HA036964,500
2T3DWRFVXKW044173,500
2FMDK3J92CBA02938,500
2C4RC1GG8CR346430,500
1V2GC2CA5LC202162,500
5TDHBRCH7LS506204,500
5TDGBRCH5LS508707,500
ML32A3HJXLH004876,500
1HGCV1F59LA126932,500
1FTEW1E56LKE86644,500
1FMCU0H61LUC06365,500
1HGCP2F34AA187214,500
KL7CJLSB4MB303039,500
JTDKARFU6L3124832,500
3VV1B7AX4LM105601,500
5FNYF6H53HB072442,500
1GCGTBEN3K1102556,500
1FTFX1EF6GFC46096,500
3GCNWAEH4LG279008,500
2GNAXUEV0L6102414,500
3VW267AJ9GM370553,500
1N4BL4BV0LC269642,500
1GKS1HKJ4GR106147,500
1GNEVGKW1JJ181923,500
1FTEW1EG4JFB60851,500
3N1CN8FV6LL808380,500
5NPD84LF3LH548101,500
19XFC1F96LE001324,500
3GCPWCET4LG400161,500
4S4BTACC8L3172853,500
3N1AB7AP2HY321402,500
1N6AD0ER8GN745198,500
ZASPAKBN8L7C91754,500
1GNSCCE04CR266560,500
3N1AB8BV6LY272085,500
3C4NJCBB1MT527038,500
1N4AL3AP8JC102967,500
5FNRL6H70LB074687,500
1G1ZD5STXLF033520,500
1C4RJEBG4LC392981,500
1C3CCCCG6FN510156,500
7FART6H97LE013570,500
WP1AA2A5XKLB08472,500
5N1AT2MT6GC857312,500
3GNAXKEV8LL319340,500
1FMCU0G6XLUA67970,500
1C4HJXDN4LW212819,500
19UUB2F52HA000499,500
1V2JR2CA5MC509241,500
1FTEW1CP0LFC54117,500
5GAKVBKDXHJ235051,500
3VV2B7AX5LM156657,500
2B3CJ4DV2AH319518,500
JT8BF28G4Y5081490,500
KL79MNSL2MB026090,500
1GKS2CE04ER236932,500
1GYFZFR4XLF017327,500
5NMS23AD2LH248082,500
1G11B5SL0EF147225,500
3N1AB7AP0HY237823,500
1GNSCSKD9MR120366,500
SJKCH5CR9HA035877,500
1GYKNARS1JZ242226,500
1N6AA1EF2LN500492,500
2HGFC2F64LH563322,500
WDDYJ8AA9LA025358,500
5NPEF4JA4LH006698,500
1FMCU0G62LUB98794,500
5TFGY5F10LX271561,500
2HGFC2F74HH560226,500
MAJ6S3JLXLC315802,500
3FA6P0LUXLR263837,500
3C6UR5CL1LG227750,500
2HNYD18684H548121,500
3C6TR5EJ6HG639970,500
5TDGZRAH3LS005496,500
3GKALTEV4JL274425,500
2C4RC1EGXLR240578,500
2HGFC3B74HH355856,500
1FMSK8FH2LGC90960,500
4JGDF6EE7HA945228,500
1GNSKCE08DR225546,500
5GAERBKW4LJ288730,500
1FTER4FH9KLA91710,500
1GTJTCDE5A8140471,500
5XYPG4A33LG662907,500
3GKALTEV2LL192566,500
1V2KR2CA9JC510103,500
1G1ZD5ST7JF248527,500
1VWBN7A30EC001843,500
5XYPG4A37LG682321,500
1FMSK7DH6LGC98556,500
3GTP8DEDXLG376991,500
JA4AP3AU1CZ001980,500
1FMCU9G62LUA26799,500
1C4PJMLB2LD551608,500
2T3P1RFV0LC139050,500
2C3CDXBG3LH190711,500
1C6RRFFG7LN128383,500
1G1FB1RSXL0118990,500
2GKALNEK2G6347337,500
3C6UR5TL7LG127135,500
1FTEW1EGXHFB81102,500
2T3P1RFV4LC128021,500
JN8AS5MV8CW358938,500
3FA6P0H70HR345733,500
19XFC2F5XGE015199,500
JTDKAMFU1M3130428,500
1HGCV1F32KA083127,500
KM8J33A25GU104429,500
1G1ZB5STXHF266763,500
JM1DKFB74L1470006,500
5NPEB4AC1BH243810,500
5XXG34J20MG014773,500
WVWDR7AN1LE018007,500
ZASPAKBNXL7C91335,500
1FMHK7D93CGA00029,500
5GAKRCKD8HJ282153,500
5FNYF6H94MB002574,500
1FTEW1EP5LFC40291,500
1FTEW1E5XLKE91815,500
JF2SJABC0JH595133,500
1GTH6CEN6L1119869,500
WA1BCCFS3JR016694,500
1FM5K8D87HGC64331,500
5N1AZ2MH9HN134568,500
1GNSKBKC4KR364448,500
JTEBU5JR3L5829364,500
1G1FY6S07L4131029,500
3GCEC13C99G234249,500
3VWCB7BU1LM071643,500
5J8TC2H64ML004373,500
1FMJU1KT5HEA62378,500
1HGCV1F10LA133426,500
2GNALAEK4F1150192,500
WDDZF4JB7HA012574,500
55SWF4KB0FU079435,500
3TMCZ5AN2LM361435,500
4S4WMARD9L3475297,500
KL7CJLSB9LB013040,500
3KPA24AD3LE334266,500
4S3GKAA62K3605091,500
1N4AA6EV2LC375857,500
4S4BTANC5L3251801,500
3FA6P0HD4LR161930,500
1N4BL4CV0KC142564,500
JM3TCBCYXK0302889,500
5YFBURHE5HP612181,500
1C4PJLCB0LD530475,500
3FA6P0K92GR400966,500
SALWR2FV4HA158287,500
JF2GTACC4K8248159,500
1FTBF2B62GED43829,500
5NPEJ4J20LH050768,500
5J8TB4H70GL002518,500
5UXCW2C05L9B54501,500
KNDPM3ACXK7609751,500
3N1CP5BV5LL522020,500
JF2GPANC9HH257966,500
KL7CJKSB1LB352580,500
1FTFX1E44LFB61640,500
2G1115SL5E9193144,500
2G4WD532751225922,500
WDC0G4JB9KV180873,500
1G1RD6E48CU122010,500
KL4CJASB6MB300452,500
1G1PF5S91B7267821,500
3N1AB7AP9HY387252,500
1G1ZE5ST0HF150799,500
1HGCR3F8XHA025965,500
3N1AB7AP2JL641533,500
5NPEB4AC1EH858801,500
1FTEW1EP4LFC27581,500
JTDKARFP4L3158231,500
1GKDT13S642186217,500
2FMPK4AP6KBC32188,500
1C4SDJDT9EC318566,500
1C4SDJCT2DC520908,500
5XYKT3A68DG390009,500
YV4902RK5G2791368,500
1FMSK8DH9LGC29513,500
4JGFB4JB8LA231394,500
7FART6H54LE008212,500
7JRA22TK2LG064819,500
1NXBR32E03Z012683,500
5FNYF5H92MB005466,500
1FMSK8DH6LGC17898,500
1FMCU9GD1HUE42669,500
KL7CJLSB4MB304336,500
4T1E31AK1LU536273,500
1GCDT196548100804,500
KNDPM3AC9M7857010,500
5N1AZ2MHXGN108897,500
3C4PDCGG8KT763462,500
3KPFK4A71HE074246,500
5N1AZ2CS9LN164529,500
JC1NFAEK8L0144370,500
JN1EV7AP9HM741833,500
KL4MMFSLXLB098764,500
KL4CJASBXHB195730,500
1C4HJXFN2MW514320,500
1FMCU9J95LUB31260,500
3C4NJDCB7LT246073,500
KM8K22AA3LU477021,500
JTMD6RFV7LD005054,500
5NPDH4AE3FH633793,500
5TDFZRBH6LS053777,500
3FA6P0LU7KR116681,500
3HGGK5H87LM714159,500
1C4PJMLB3LD502093,500
2GNFLFEKXG6159745,500
3TMAZ5CNXLM122302,500
ZACNJBBB6LPL75237,500
1C4NJPBA5ED690961,500
5NMS33AD4LH262594,500
1G1ZB5ST0HF170415,500
3C63RRML2LG158486,500
2FMPK4J92LBB19955,500
1N6BA07A67N228681,500
1FDNF20L03EC13947,500
4S3BNAC68H3058349,500
5XYZUDLB9GG371811,500
5GAEVAKW9LJ217318,500
4T1F31AK0LU016909,500
1C4PJLAB6GW324428,500
JTHBF1D21F5080556,500
3VWCB7BU9LM058560,500
5TDCZRAH0LS511933,500
1FMCU9HD2KUC48318,500
1HGCR2F33HA175172,500
3VWN57BU2LM044659,500
3GTU2NEJ6HG200740,500
3GNKBBRA4LS572607,500
1J4GL48K07W702680,500
2G61M5S33G9155352,500
2GNALCEK3H1595604,500
5XXGT4L34KG326310,500
LRBFX2SA2LD178995,500
1C4RJFBGXLC196954,500
3GCEK33209G220259,500
5XXGM4A74FG447153,500
1G6AA5RA3G0112508,500
1C6RREBG9LN267205,500
JN8AZ28R89T127152,500
WMWZC5C5XGWU20761,500
2HKRW2H94LH633466,500
1GCGTDEN6J1305239,500
1FADP3F27HL221585,500
KMHD74LF6LU080367,500
1FMCU9F61LUA56264,500
1C4SDJCT6LC412032,500
2C3CDZBTXKH578350,500
1FMCU9BZ7LUC05020,500
1D7HA16K48J133838,500
2C3CDXBG2KH664436,500
WDDNG86X38A207336,500
1FMCU9J98JUB61365,500
1FM5K7D80HGB46194,500
1HGCT1B81FA006214,500
1C6SRFJT0LN270080,500
1C3CCCFB0GN135429,500
1GNSCHKC3LR151766,500
JTDKARFP1H3039575,500
1GKFK13027J130103,500
JM3KFBCM5L0741001,500
4T1G11AK0LU967380,500
1HGCV1F11LA076346,500
2GNAXUEV1L6239281,500
1FMCU0GD2HUD75074,500
JF2SKAXC4LH604909,500
2C4RC1FGXLR266693,500
4S4BTANC1L3235661,500
JTMD6RFV6LD004302,500
1C4HJXEG3LW318758,500
2GNAXUEV9K6262953,500
1N4BL4CW7LN315981,500
1FADP3K23FL328717,500
3N1AB7AP3HY235984,500
JM3KFADM7L1836520,500
5XYZU3LB6HG424265,500
3C4NJCAB1KT778169,500
1FTMF1CB8LKF01164,500
1GNSKNKD8MR129029,500
3VWCB7BU5LM015141,500
3MW5R1J06M8B48243,500
3GNAXLEX7LS547648,500
2C4RC1AG8LR104746,500
1HGCR3F89HA029599,500
1C3CCCCG2FN514088,500
1FTER4FH6LLA61713,500
1FTEW1CP5LKF02675,500
1GNKVGED2BJ285075,500
5J8TB1H25AA001418,500
WA1G2AFYXL2050659,500
KL4CJGSB5HB112286,500
WP1AE2AY9LDA23066,500
5GAEVBKW9LJ307641,500
5J8TC2H63ML003781,500
2HKRW2H87LH657137,500
5YFBURHE4JP768086,500
1GNSKCKJ8LR302816,500
2GCRCPEC1K1103767,500
1GYKNERS8HZ207491,500
JM3KFABL9H0211432,500
1GKKNLLA7HZ165801,500
1GKKVSKDXFJ360776,500
4T1BK1FK6GU575011,500
JTDS4MCE7MJ059784,500
3N1AB8BV4LY271128,500
KL4CJASB3KB854965,500
3FA6P0HD2KR170575,500
WP1AA2AY7LDA07993,500
1C6RD7FT1CS325505,500
1FM5K8HC6LGA51801,500
JF2GTAPC6M8200286,500
4T1BF1FK3HU762213,500
5N1AN0NW2BC513816,500
3C4PDDEG5KT774752,500
2GNAXUEV5L6125946,500
3GCPWCEK3LG332538,500
KM8K22AA5MU616924,500
1GB0GRFG5L1240362,500
1N4AL4FV1LN311262,500
4S3BNAC68H3068508,500
WA1ENAFY3L2106391,500
5GAEVAKW8LJ302781,500
5N1AZ2MS1KN136351,500
1GCRYEED1LZ328763,500
WBA3B5G50DNS01005,500
ZACNJAD10LPK97228,500
1FTEW1C52LKF07637,500
1GDW7LCG5F1181840,500
2LMDJ6JK9CBL10149,500
1N6AD0EV6HN771037,500
1GKLVLED9AJ108581,500
3VWCB7BU8LM067668,500
KL4MMESL5LB096060,500
KM8J33AL6MU294388,500
1C4NJRBB4FD168294,500
1GCRWBEHXLZ340420,500
5N1DR2MN1KC639932,500
KNDJ33AUXM7127740,500
4T1C11AK4LU992054,500
